name,formula,Nc,Nh,url_gen,symmetry_neutral,symmetry_ions,IP1_adiab_eV,IP1_vert_eV,IP1_exp_eV,IP2_singlet_adiab_eV,IP2_singlet_vert_eV,IP2_triplet_adiab_eV,IP2_triplet_vert_eV,IP2_exp_eV,EA_adiab_eV,EA_vert_eV,EA_exp_eV,ZPE_anion_kcalmol,ZPE_neutral_kcalmol,ZPE_cation_kcalmol,ZPE_dication_T_kcalmol,pol_anion_axx_Ang3,pol_anion_ayy_Ang3,pol_anion_azz_Ang3,pol_anion_amean_Ang3,pol_neutral_axx_Ang3,pol_neutral_ayy_Ang3,pol_neutral_azz_Ang3,pol_neutral_amean_Ang3,pol_cation_axx_Ang3,pol_cation_ayy_Ang3,pol_cation_azz_Ang3,pol_cation_amean_Ang3,pol_dication_S_axx_Ang3,pol_dication_S_ayy_Ang3,pol_dication_S_azz_Ang3,pol_dication_S_amean_Ang3,rot_anion_A_cm-1,rot_anion_B_cm-1,rot_anion_C_cm-1,rot_neutral_A_cm-1,rot_neutral_B_cm-1,rot_neutral_C_cm-1,rot_cation_A_cm-1,rot_cation_B_cm-1,rot_cation_C_cm-1,rot_dication_S_A_cm-1,rot_dication_S_B_cm-1,rot_dication_S_C_cm-1,rot_dication_T_A_cm-1,rot_dication_T_B_cm-1,rot_dication_T_C_cm-1,vdW_alpha0_au,vdW_omega1,vdW_C6_x1e-3_au,vdW_KAA_x1e-6_au
Azulene,C10H8,10,8,https://www.dsf.unica.it/~gmalloci/pahs/azulene/azulene_gen.html,,,7.15,7.27,7.42,19.92,20.34,20.54,20.63,,0.63,0.49,0.79,90.0,93.0,93.0,,24.0,14.0,34.0,24.0,20.0,10.0,29.0,19.666666666666668,18.0,8.0,26.0,17.333333333333332,,,,,0.09453,0.04091,0.02855,0.0948,0.04162,0.02892,0.096,0.04114,0.0288,0.09633,0.04045,0.02849,0.0926,0.04144,0.02863,133.0,0.39,5.15,0.703
Naphthalene,C10H8,10,8,https://www.dsf.unica.it/~gmalloci/pahs/naphthalene/naphthalene_gen.html,,,7.8,7.89,8.144,20.99,21.35,21.45,21.57,21.5,,,,90.0,94.0,94.0,,41.0,23.0,17.0,27.0,26.0,19.0,10.0,18.333333333333332,26.0,18.0,8.0,17.333333333333332,,,,,0.1041,0.03989,0.02884,0.1038,0.04093,0.02936,0.1045,0.0406,0.02924,0.1045,0.03999,0.02892,0.1002,0.04087,0.02903,123.0,0.422,4.79,0.605
Acenaphthylene,C12H8,12,8,https://www.dsf.unica.it/~gmalloci/pahs/acenaphthylene/acenaphthylene_gen.html,,,7.66,7.86,8.12,20.48,21.32,20.45,20.66,21.4,0.71,0.57,,99.0,101.0,101.0,,33.0,14.0,32.0,26.333333333333332,28.0,11.0,25.0,21.333333333333332,28.0,9.0,23.0,20.0,25.0,8.0,24.0,19.0,0.05051,0.03983,0.02227,0.05028,0.04058,0.02245,0.05136,0.03975,0.02241,0.05236,0.03838,0.02215,0.05098,0.03931,0.0222,145.0,0.417,6.57,0.838
Biphenylene,C12H8,12,8,https://www.dsf.unica.it/~gmalloci/pahs/biphenylene/biphenylene_gen.html,,,7.22,7.37,7.58,19.31,19.94,20.45,20.61,19.7,0.15,0.0,,98.0,101.0,101.0,,50.0,25.0,14.0,29.666666666666668,31.0,21.0,11.0,21.0,36.0,19.0,10.0,21.666666666666668,,,,,0.09203,0.02231,0.01796,0.09366,0.02234,0.01804,0.09081,0.02289,0.01828,0.08737,0.02336,0.01843,0.09101,0.0225,0.01804,152.0,0.4,6.91,0.92
Acenaphthene,C12H10,12,10,https://www.dsf.unica.it/~gmalloci/pahs/acenaphthene/acenaphthene_gen.html,,,7.37,7.46,7.75,19.78,20.17,20.59,20.72,21.7,,,,112.0,116.0,116.0,,60.0,35.0,26.0,40.333333333333336,28.0,12.0,24.0,21.333333333333332,28.0,11.0,25.0,21.333333333333332,27.0,9.0,24.0,20.0,0.04689,0.03876,0.02139,0.04682,0.03967,0.02165,0.04721,0.03938,0.02164,0.04746,0.03892,0.02155,0.04591,0.03971,0.02146,143.0,0.439,6.76,0.82
Fluorene,C13H10,13,10,https://www.dsf.unica.it/~gmalloci/pahs/fluorene/fluorene_gen.html,,,7.56,7.69,7.91,19.96,20.47,20.43,20.59,21.0,,,,116.0,120.0,120.0,,62.0,54.0,25.0,47.0,34.0,24.0,12.0,23.333333333333332,41.0,21.0,11.0,24.333333333333332,,,,,0.07172,0.01925,0.01522,0.07248,0.01945,0.01538,0.07023,0.01985,0.01552,0.06789,0.02009,0.01555,0.07106,0.01948,0.01533,159.0,0.422,7.97,1.0
Anthracene,C14H10,14,10,https://www.dsf.unica.it/~gmalloci/pahs/anthracene/anthracene_gen.html,,,7.02,7.09,7.439,18.7,18.95,19.7,19.8,,0.53,0.43,0.53,120.0,124.0,124.0,,62.0,29.0,17.0,36.0,46.0,26.0,13.0,28.333333333333332,49.0,24.0,11.0,28.0,,,,,0.07196,0.01474,0.01223,0.07142,0.01501,0.01241,0.07166,0.01501,0.01241,0.07163,0.01495,0.01237,0.06949,0.01509,0.0124,189.0,0.372,9.92,1.42
Phenanthrene,C14H10,14,10,https://www.dsf.unica.it/~gmalloci/pahs/phenanthrene/phenanthrene_gen.html,,,7.53,7.63,7.891,19.63,20.08,19.72,19.86,,,,,120.0,124.0,124.0,,59.0,18.0,36.0,37.666666666666664,39.0,13.0,28.0,26.666666666666668,44.0,11.0,25.0,26.666666666666668,43.0,10.0,26.0,26.333333333333332,0.05342,0.01803,0.01348,0.05376,0.01831,0.01366,0.05465,0.01807,0.01358,0.05534,0.01773,0.01343,0.05307,0.01826,0.01358,182.0,0.379,9.36,1.32
Pyrene,C16H10,16,10,https://www.dsf.unica.it/~gmalloci/pahs/pyrene/pyrene_gen.html,,,7.07,7.14,7.426,18.63,18.92,19.35,19.44,19.8,0.41,0.31,0.406,129.0,132.0,132.0,,53.0,39.0,17.0,36.333333333333336,45.0,32.0,14.0,30.333333333333332,43.0,33.0,12.0,29.333333333333332,41.0,33.0,11.0,28.333333333333332,0.03373,0.01815,0.0118,0.03364,0.01847,0.01192,0.03393,0.01837,0.01192,0.03408,0.01821,0.01187,0.03303,0.01858,0.01189,205.0,0.38,12.0,1.68
Tetracene,C18H12,18,12,https://www.dsf.unica.it/~gmalloci/pahs/tetracene/tetracene_gen.html,,,6.49,6.55,6.97,17.15,17.34,17.96,18.11,18.6,1.08,1.0,1.067,150.0,153.0,154.0,,95.0,36.0,19.0,50.0,70.0,32.0,16.0,39.333333333333336,82.0,30.0,14.0,42.0,85.0,29.0,13.0,42.333333333333336,0.05486,0.007001,0.006209,0.05442,0.007102,0.006283,0.05453,0.007116,0.006294,0.0545,0.007114,0.006293,0.05469,0.007055,0.006249,264.0,0.336,17.5,2.78
Chrysene,C18H12,18,12,https://www.dsf.unica.it/~gmalloci/pahs/chrysene/chrysene_gen.html,,,7.17,7.25,7.6,18.45,18.78,18.84,18.94,,0.29,0.19,,150.0,154.0,154.0,,38.0,90.0,19.0,49.0,33.0,58.0,15.0,35.333333333333336,32.0,74.0,14.0,40.0,31.0,76.0,13.0,40.0,0.04195,0.008601,0.007138,0.04188,0.008742,0.007232,0.04228,0.008674,0.007197,0.04269,0.008553,0.007126,0.04139,0.008748,0.007222,239.0,0.373,15.9,2.27
Triphenylene,C18H12,18,12,https://www.dsf.unica.it/~gmalloci/pahs/triphenylene/triphenylene_gen.html,,,7.52,7.86,7.87,19.24,19.59,19.09,19.2,,0.01,,,149.0,154.0,153.0,153.0,59.0,67.0,22.0,49.333333333333336,44.0,44.0,16.0,34.666666666666664,47.0,52.0,14.0,37.666666666666664,46.0,49.0,13.0,36.0,0.01697,0.01681,0.008445,0.01704,0.01704,0.008518,0.01724,0.01685,0.008521,0.01736,0.01661,0.008489,0.017,0.017,0.0085,231.0,0.39,15.7,2.14
Benzo[a]anthracene,C18H12,18,12,https://www.dsf.unica.it/~gmalloci/pahs/benzoanthracene/benzoanthracene_gen.html,,,6.98,7.05,7.45,18.14,18.42,18.33,18.48,,0.56,0.47,0.39,150.0,153.0,154.0,,83.0,40.0,18.0,47.0,60.0,34.0,16.0,36.666666666666664,70.0,34.0,14.0,39.333333333333336,76.0,32.0,13.0,40.333333333333336,0.03896,0.008411,0.006917,0.03896,0.008514,0.006987,0.03925,0.008491,0.006981,0.0398,0.008393,0.006931,0.03878,0.008499,0.006971,246.0,0.364,16.6,2.42
Corannulene,C20H10,20,10,https://www.dsf.unica.it/~gmalloci/pahs/corannulene/corannulene_gen.html,,,7.62,7.73,7.83,19.63,20.14,19.28,19.5,20.1,0.62,0.5,,144.0,147.0,145.0,144.0,51.0,56.0,19.0,42.0,44.0,45.0,19.0,36.0,49.0,54.0,18.0,40.333333333333336,46.0,50.0,14.0,36.666666666666664,0.01667,0.01692,0.00867,0.01692,0.01692,0.008769,0.01662,0.01714,0.008721,0.01739,0.01621,0.00865,0.01719,0.01647,0.008708,244.0,0.39,17.5,2.38
Perylene,C20H12,20,12,https://www.dsf.unica.it/~gmalloci/pahs/perylene/perylene_gen.html,,,6.57,6.64,6.96,17.19,17.46,18.6,18.73,18.0,0.96,0.87,0.973,159.0,162.0,162.0,,67.0,51.0,19.0,45.666666666666664,56.0,44.0,16.0,38.666666666666664,60.0,43.0,15.0,39.333333333333336,57.0,43.0,14.0,38.0,0.02052,0.01102,0.007171,0.02076,0.01099,0.007186,0.02065,0.01109,0.007216,0.0205,0.01115,0.007221,0.02022,0.01118,0.007199,262.0,0.361,18.6,2.74
Benzo[a]pyrene,C20H12,20,12,https://www.dsf.unica.it/~gmalloci/pahs/benzo_a_pyrene/benzo_a_pyrene_gen.html,,,6.71,6.78,7.12,17.46,17.73,18.18,18.3,,0.77,0.67,0.815,159.0,162.0,162.0,,82.0,44.0,19.0,48.333333333333336,67.0,39.0,17.0,41.0,70.0,38.0,15.0,41.0,70.0,38.0,14.0,40.666666666666664,0.02839,0.00841,0.006488,0.0283,0.00853,0.006554,0.02852,0.008497,0.006547,0.02866,0.008442,0.006521,0.02804,0.00855,0.006552,277.0,0.345,19.8,3.06
Benzo[e]pyrene,C20H12,20,12,https://www.dsf.unica.it/~gmalloci/pahs/benzo_e_pyrene/benzo_e_pyrene_gen.html,,,7.05,7.12,7.43,18.25,18.51,18.38,18.52,,0.45,0.36,0.534,158.0,162.0,162.0,,63.0,62.0,21.0,48.666666666666664,50.0,48.0,17.0,38.333333333333336,59.0,49.0,15.0,41.0,60.0,48.0,14.0,40.666666666666664,0.01683,0.01285,0.007285,0.01708,0.01282,0.007322,0.01698,0.01291,0.007333,0.01684,0.01295,0.007322,0.01698,0.01282,0.007304,260.0,0.375,18.9,2.69
Anthanthrene,C22H12,22,12,https://www.dsf.unica.it/~gmalloci/pahs/anthanthrene/anthanthrene_gen.html,,,6.46,6.52,6.92,16.9,17.1,18.01,18.09,,1.05,0.97,,167.0,170.0,170.0,,52.0,85.0,20.0,52.333333333333336,45.0,73.0,17.0,45.0,46.0,74.0,16.0,45.333333333333336,345.0,71.0,15.0,143.66666666666666,0.02095,0.008087,0.005834,0.02085,0.008191,0.005881,0.02095,0.008186,0.005886,0.02098,0.008168,0.005879,0.02057,0.008246,0.005886,304.0,0.34,23.5,3.69
"Benzo[g,h,i]perylene",C22H12,22,12,https://www.dsf.unica.it/~gmalloci/pahs/benzoperylene/benzoperylene_gen.html,,,6.79,6.86,7.17,17.53,17.78,17.98,18.09,,0.73,0.65,0.42,167.0,170.0,170.0,,70.0,21.0,68.0,53.0,56.0,17.0,51.0,41.333333333333336,62.0,16.0,52.0,43.333333333333336,63.0,15.0,50.0,42.666666666666664,0.01473,0.01105,0.006313,0.01489,0.01104,0.00634,0.0148,0.01113,0.006352,0.01468,0.01118,0.006347,0.01489,0.011,0.006328,282.0,0.373,22.2,3.17
Pentacene,C22H14,22,14,https://www.dsf.unica.it/~gmalloci/pahs/pentacene/pentacene_gen.html,,,6.12,6.16,6.589,16.03,16.18,16.67,16.79,17.4,1.48,1.41,1.392,180.0,183.0,184.0,,138.0,43.0,22.0,67.66666666666667,99.0,39.0,19.0,52.333333333333336,124.0,37.0,17.0,59.333333333333336,136.0,35.0,16.0,62.333333333333336,0.04429,0.003861,0.003552,0.04396,0.003906,0.003588,0.04401,0.003917,0.003597,0.04398,0.003922,0.003601,0.0441,0.003899,0.003582,353.0,0.301,28.1,4.98
Coronene,C24H12,24,12,https://www.dsf.unica.it/~gmalloci/pahs/coronene/coronene_gen.html,,,7.02,7.08,7.29,17.88,18.11,17.74,17.8,18.7,0.47,0.38,0.47,173.0,178.0,177.0,178.0,72.0,69.0,21.0,54.0,61.0,61.0,19.0,47.0,64.0,60.0,17.0,47.0,66.0,61.0,16.0,47.666666666666664,0.01108,0.01099,0.005518,0.0111,0.0111,0.005552,0.01119,0.01103,0.005554,0.01124,0.01094,0.005544,0.0111,0.0111,0.005548,318.0,0.357,27.0,4.03
"Dibenzo[b,def]chrysene",C24H14,24,14,https://www.dsf.unica.it/~gmalloci/pahs/dibenzochrysene/dibenzochrysene_gen.html,,,6.39,6.45,,16.5,16.73,17.39,17.51,,1.1,1.03,,188.0,191.0,192.0,,49.0,120.0,22.0,63.666666666666664,45.0,93.0,20.0,52.666666666666664,44.0,106.0,18.0,56.0,43.0,111.0,17.0,57.0,0.0252,0.004645,0.003922,0.02507,0.004706,0.003962,0.02522,0.004693,0.003957,0.02532,0.004671,0.003944,0.02515,0.004681,0.003947,355.0,0.321,30.4,5.04
"Dibenzo[cd,lm]perylene",C26H14,26,14,https://www.dsf.unica.it/~gmalloci/pahs/dibenzoperylene/dibenzoperylene_gen.html,,,6.31,6.38,6.72,16.2,16.45,17.35,17.43,,1.17,1.08,,197.0,200.0,200.0,,120.0,56.0,23.0,66.33333333333333,100.0,50.0,20.0,56.666666666666664,104.0,51.0,19.0,58.0,101.0,50.0,18.0,56.333333333333336,0.01863,0.004603,0.003691,0.01855,0.004661,0.003725,0.01867,0.004646,0.00372,0.01876,0.004623,0.003709,0.01835,0.004687,0.003733,384.0,0.314,34.8,5.89
Hexacene,C26H16,26,16,https://www.dsf.unica.it/~gmalloci/pahs/hexacene/hexacene_gen.html,,,5.83,5.87,,15.18,15.3,15.68,15.78,,1.78,1.72,,210.0,212.0,213.0,,189.0,49.0,24.0,87.33333333333333,134.0,46.0,22.0,67.33333333333333,179.0,44.0,20.0,81.0,195.0,41.0,19.0,85.0,0.03712,0.002352,0.002211,0.03687,0.002374,0.002231,0.0369,0.002382,,0.03687,0.002386,0.002241,0.03695,0.002375,0.002232,454.0,0.272,42.1,8.23
Bisanthene,C28H14,28,14,https://www.dsf.unica.it/~gmalloci/pahs/bisanthene/bisanthene_gen.html,,,5.85,5.9,,15.33,15.48,16.54,16.7,,1.69,1.63,,205.0,207.0,208.0,,87.0,90.0,24.0,67.0,74.0,82.0,21.0,59.0,77.0,81.0,20.0,59.333333333333336,71.0,80.0,19.0,56.666666666666664,0.007893,0.007557,0.003861,0.00786,0.007623,0.00387,0.007904,0.007614,0.003878,0.007922,0.007602,0.00388,,,,402.0,0.31,37.6,6.45
Benzo[a]coronene,C28H14,28,14,https://www.dsf.unica.it/~gmalloci/pahs/benzocoronene/benzocoronene_gen.html,,,6.75,6.81,,17.1,17.3,17.21,17.29,,0.74,0.66,,204.0,208.0,208.0,,74.0,23.0,104.0,67.0,65.0,22.0,84.0,57.0,94.0,68.0,20.0,60.666666666666664,98.0,68.0,19.0,61.666666666666664,0.01059,0.005715,0.003712,0.01059,0.005773,0.003736,0.01065,0.005749,0.003734,0.01069,0.00572,0.003726,0.01056,0.005782,0.003736,386.0,0.339,37.9,5.96
"Dibenzo[bc,kl]coronene",C30H14,30,14,https://www.dsf.unica.it/~gmalloci/pahs/dibenzo_bc-kl_coronene/dibenzo_bc-kl_coronene_gen.html,,,6.01,6.05,6.42,15.55,15.7,16.2,16.36,,1.54,1.48,,213.0,215.0,216.0,,124.0,74.0,25.0,74.33333333333333,117.0,63.0,23.0,67.66666666666667,112.0,69.0,22.0,67.66666666666667,99.0,71.0,20.0,63.333333333333336,0.01047,0.004642,0.003216,0.01042,0.00469,0.003234,0.01045,0.004691,0.003238,0.01047,0.004688,0.003237,0.01052,0.004656,0.003228,459.0,0.293,46.3,8.4
"Dibenzo[bc,ef]coronene",C30H14,30,14,https://www.dsf.unica.it/~gmalloci/pahs/dibenzo_bc-ef_coronene/dibenzo_bc-ef_coronene_gen.html,,,6.12,6.17,,15.78,15.94,16.79,16.87,,1.42,1.36,,213.0,216.0,216.0,,86.0,25.0,102.0,71.0,79.0,23.0,88.0,63.333333333333336,80.0,21.0,92.0,64.33333333333333,79.0,20.0,93.0,64.0,0.007914,0.005999,0.003412,0.007893,0.00605,0.003425,0.007933,0.006041,0.003429,0.007952,0.006029,0.003429,0.007952,0.006029,0.003429,431.0,0.316,44.0,7.42
Terrylene,C30H16,30,16,https://www.dsf.unica.it/~gmalloci/pahs/terrylene/terrylene_gen.html,,,5.98,6.05,6.42,15.31,15.55,16.38,16.49,,1.55,1.48,,227.0,229.0,230.0,,147.0,68.0,26.0,80.33333333333333,127.0,63.0,24.0,71.33333333333333,135.0,62.0,23.0,73.33333333333333,132.0,57.0,20.0,69.66666666666667,0.01379,0.003199,0.002597,0.0139,0.003191,0.002595,0.01384,0.003218,0.002611,0.01376,0.003236,0.00262,0.0138,0.003212,0.002606,484.0,0.272,47.8,9.36
Ovalene,C32H14,32,14,https://www.dsf.unica.it/~gmalloci/pahs/ovalene/ovalene_gen.html,,,6.36,6.41,,16.18,16.34,16.66,16.72,,1.17,1.1,,221.0,224.0,224.0,,110.0,88.0,26.0,74.66666666666667,98.0,79.0,24.0,67.0,102.0,80.0,23.0,68.33333333333333,104.0,81.0,21.0,68.66666666666667,0.007935,0.004855,0.003012,0.007929,0.004896,0.003027,0.007965,0.004886,0.003028,0.007986,0.004875,0.003027,0.007909,0.00491,0.003029,453.0,0.323,49.6,8.18
Tetrabenzocoronene,C36H16,36,16,https://www.dsf.unica.it/~gmalloci/pahs/tetrabenzocoronene/tetrabenzocoronene_gen.html,,,5.41,5.44,,14.16,14.24,15.07,15.17,,2.17,2.13,,251.0,253.0,254.0,,134.0,116.0,28.0,92.66666666666667,114.0,110.0,26.0,83.33333333333333,126.0,108.0,25.0,86.33333333333333,114.0,112.0,26.0,84.0,0.006146,0.003583,0.002264,0.006126,0.003607,0.00227,0.006145,0.003609,0.002274,0.006149,0.003612,0.002275,0.006174,0.003593,0.002271,565.0,0.273,65.4,12.8
Circumbiphenyl,C38H16,38,16,https://www.dsf.unica.it/~gmalloci/pahs/circumbiphenyl/circumbiphenyl_gen.html,,,6.46,6.52,6.81,16.04,16.26,16.16,16.21,,1.03,0.96,,259.0,262.0,262.0,,157.0,101.0,30.0,96.0,124.0,90.0,27.0,80.33333333333333,138.0,93.0,26.0,85.66666666666667,142.0,96.0,25.0,87.66666666666667,0.006435,0.002957,0.002026,0.006433,0.00298,0.002037,0.006468,0.002968,0.002034,0.006496,0.002952,0.00203,0.00643,0.002983,0.002038,538.0,0.321,69.8,11.6
Circumanthracene,C40H16,40,16,https://www.dsf.unica.it/~gmalloci/pahs/circumanthracene/circumanthracene_gen.html,,,5.9,5.94,,15.0,15.12,15.66,15.95,,1.68,1.63,,257.0,270.0,270.0,,163.0,105.0,31.0,99.66666666666667,143.0,100.0,29.0,90.66666666666667,156.0,99.0,28.0,94.33333333333333,162.0,102.0,26.0,96.66666666666667,0.006175,0.002547,0.001803,0.006165,0.002564,0.001811,0.006183,0.002564,0.001812,0.006192,0.002563,0.001813,0.006207,0.002552,0.001808,612.0,0.293,82.5,15.0
Quaterrylene,C40H20,40,20,https://www.dsf.unica.it/~gmalloci/pahs/quaterrylene/quaterrylene_gen.html,,,5.62,5.68,6.11,14.12,14.35,14.97,15.08,,1.91,1.85,,294.0,297.0,298.0,,273.0,86.0,32.0,130.33333333333334,236.0,81.0,32.0,116.33333333333333,252.0,80.0,30.0,120.66666666666667,244.0,78.0,27.0,116.33333333333333,0.01038,0.001344,0.00119,0.001044,0.001341,0.001188,0.0104,0.001351,0.001196,0.01036,0.001358,0.0012,0.01039,0.00135,0.001195,799.0,0.203,97.0,25.5
Circumpyrene,C42H16,42,16,https://www.dsf.unica.it/~gmalloci/pahs/circumpyrene/circumpyrene_gen.html,,,6.06,6.1,,15.19,15.35,15.75,15.8,,1.49,1.44,,275.0,278.0,278.0,,147.0,125.0,31.0,101.0,141.0,110.0,30.0,93.66666666666667,120.0,66.0,39.0,75.0,133.0,121.0,27.0,93.66666666666667,0.004376,0.002977,0.001772,0.004372,0.002996,0.001778,0.00439,0.002991,0.001779,0.004403,0.002985,0.001779,0.004365,0.003005,0.00178,631.0,0.298,89.0,15.9
Hexabenzocoronene,C42H18,42,18,https://www.dsf.unica.it/~gmalloci/pahs/hexabenzocoronene/hexabenzocoronene_gen.html,,,6.55,6.79,6.87,16.14,16.33,16.07,16.15,,0.86,0.83,,287.0,292.0,291.0,290.0,148.0,150.0,26.0,108.0,116.0,116.0,30.0,87.33333333333333,124.0,144.0,28.0,98.66666666666667,127.0,146.0,27.0,100.0,0.003485,0.003485,0.001742,0.00349,0.00349,0.001745,0.003507,0.003476,0.001746,0.00352,0.003458,0.001745,0.00349,0.00349,0.001745,590.0,0.33,85.9,13.9
Dicoronylene,C48H20,48,20,https://www.dsf.unica.it/~gmalloci/pahs/dicoronylene/dicoronylene_gen.html,,,6.07,6.13,,14.81,15.13,15.44,15.5,,1.5,1.43,,327.0,329.0,330.0,,256.0,117.0,36.0,136.33333333333334,199.0,109.0,33.0,113.66666666666667,250.0,109.0,32.0,130.33333333333334,218.0,110.0,34.0,120.66666666666667,0.005558,0.001189,0.0009796,0.005581,0.001189,0.0009803,0.00559,0.001196,0.0009846,0.005533,0.001202,0.0009876,0.005576,0.001193,0.0009829,770.0,0.274,122.0,23.6
Pentarylene,C50H24,50,24,https://www.dsf.unica.it/~gmalloci/pahs/pentarylene/pentarylene_gen.html,,,5.37,5.43,,13.29,13.51,14.0,14.1,,2.17,2.11,,362.0,365.0,365.0,,439.0,99.0,31.0,189.66666666666666,396.0,97.0,36.0,176.33333333333334,417.0,95.0,35.0,182.33333333333334,399.0,95.0,34.0,176.0,0.00832,0.006877,0.0006352,0.008362,0.0006862,0.0006342,0.00833,0.0006908,0.0006379,0.0083,0.0006941,0.0006405,0.008323,0.0006906,0.0006377,1196.0,0.156,168.0,57.1
Circumcoronene,C54H18,54,18,https://www.dsf.unica.it/~gmalloci/pahs/circumcoronene/circumcoronene_gen.html,,,6.14,6.35,,15.05,15.19,14.95,15.0,,1.44,1.4,,336.0,340.0,339.0,340.0,196.0,183.0,39.0,139.33333333333334,168.0,168.0,37.0,124.33333333333333,187.0,170.0,35.0,130.66666666666666,192.0,172.0,33.0,132.33333333333334,0.002918,0.002189,0.001097,0.002199,0.002199,0.001099,0.002207,0.002194,0.0011,0.002214,0.002188,0.0011,0.002201,0.002201,0.001101,840.0,0.284,150.0,28.1
Circumovalene,C66H20,66,20,https://www.dsf.unica.it/~gmalloci/pahs/circumovalene/circumovalene_gen.html,,,5.71,5.74,,14.02,14.12,14.37,14.42,,1.92,1.89,,400.0,402.0,402.0,,256.0,223.0,44.0,174.33333333333334,239.0,205.0,44.0,162.66666666666666,250.0,217.0,41.0,169.33333333333334,258.0,220.0,40.0,172.66666666666666,0.001736,0.001244,0.0007248,0.001736,0.001249,0.0007265,0.001741,0.001248,0.0007269,0.001744,0.001247,0.0007272,0.001736,0.001252,0.0007274,1099.0,0.26,236.0,48.2
