galaxy,gas_fraction,zini_zsun,run,output,time_myr,m_gas,m_metals,m_H,m_O,m_dust_smallC,m_dust_largeC,m_dust_smallSil_Si,m_dust_largeSil_Si,m_dust,OH_over_solar,OHgas_over_solar,Z_over_solar,DTG,DTM_metals,DTM
G8,HG,0.003,1d10_FixSilTaccBug/CorrectSN_0.003Zsun_DTMini1d-3_MR,21,100.1,93190000.0,25020.0,70780000.0,13860.0,1.022,286.3,15.58,51.25,697.322,0.024989630438649796,0.024714636323606327,0.019961616571811756,7.482798583539006e-06,0.02787058353317346,0.02226291034946248
G8,HG,0.003,1d10_FixSilTaccBug/CorrectSN_0.003Zsun_DTMini1d-3_MR,41,200.0,77670000.0,36120.0,58960000.0,20480.0,2.031,614.2,63.65,117.5,1727.5806932515338,0.04432815329752209,0.043433317477214725,0.03457579321148525,2.224257362239647e-05,0.047828922847495396,0.03730638032231145
G8,HG,0.003,1d10_FixSilTaccBug/CorrectSN_0.003Zsun_DTMini1d-3_MR,61,300.2,74510000.0,46880.0,56530000.0,26290.0,5.61,1002.0,140.7,205.5,3131.536380368098,0.05934973200702326,0.05756607815880609,0.046778980790981875,4.2028403977561375e-05,0.06679898422286898,0.05265042139447086
G8,HG,0.003,1d10_FixSilTaccBug/CorrectSN_0.003Zsun_DTMini1d-3_MR,81,400.0,69830000.0,58300.0,52950000.0,32210.0,15.09,1630.0,259.0,314.2,5161.654417177914,0.07763041752645614,0.07447757184515574,0.062073213385454955,7.39174340137178e-05,0.08853609634953541,0.07079338455376712
G8,HG,0.01,1d10_FixSilTaccBug/CorrectSN_0.01Zsun_DTMini1d-3_MR,21,100.1,88080000.0,46550.0,66880000.0,23100.0,2.78,329.3,143.6,108.3,1877.4787730061346,0.04407810113755067,0.04298113202282513,0.03929344394585524,2.1315608231223144e-05,0.04033251929121664,0.03595444325105994
G8,HG,0.01,1d10_FixSilTaccBug/CorrectSN_0.01Zsun_DTMini1d-3_MR,41,200.1,76630000.0,58460.0,58140000.0,30240.0,4.285,724.9,390.9,310.8,5034.092975460122,0.06637643465419399,0.06286132444360312,0.05672019315525237,6.569350091948483e-05,0.08611175120527065,0.07358447597774634
G8,HG,0.01,1d10_FixSilTaccBug/CorrectSN_0.01Zsun_DTMini1d-3_MR,61,300.0,68570000.0,69440.0,51990000.0,36250.0,10.21,1172.0,529.5,547.1,7787.117975460122,0.08898060515956531,0.08294949785945929,0.07529277058203891,0.00011356450306927405,0.11214167591388424,0.09489098733514047
G8,HG,0.01,1d10_FixSilTaccBug/CorrectSN_0.01Zsun_DTMini1d-3_MR,81,400.2,79660000.0,89070.0,60380000.0,46460.0,24.17,1937.0,699.4,746.0,10828.654662576688,0.09819587816378549,0.09122387719523257,0.08313212192711215,0.00013593591090354867,0.1215746565911832,0.10292447467222092
G8,HG,0.03,1d10_FixSilTaccBug/CorrectSN_0.03Zsun_DTMini1d-3_MR,21,100.0,87780000.0,117100.0,66580000.0,54070.0,17.58,480.0,913.4,998.9,12229.481840490796,0.10363817108902135,0.09527300185925044,0.09918340969015985,0.00013931968376043285,0.10443622408617247,0.09994715934474327
G8,HG,0.03,1d10_FixSilTaccBug/CorrectSN_0.03Zsun_DTMini1d-3_MR,41,200.0,87390000.0,132300.0,66230000.0,62290.0,27.33,971.5,1346.0,1604.0,19096.989509202456,0.12002472992915632,0.10705204835718417,0.11255785818475568,0.0002185260271106815,0.1443461036220896,0.13536617220973587
G8,HG,0.03,1d10_FixSilTaccBug/CorrectSN_0.03Zsun_DTMini1d-3_MR,61,300.0,64210000.0,112700.0,48630000.0,53670.0,67.17,1249.0,1200.0,1813.0,19800.832576687113,0.14084274711238684,0.1227977274680869,0.13049652945232562,0.0003083761497693056,0.1756950539191403,0.1627886082063689
G8,HG,0.03,1d10_FixSilTaccBug/CorrectSN_0.03Zsun_DTMini1d-3_MR,81,400.0,81990000.0,150000.0,62080000.0,71600.0,146.1,2195.0,1591.0,2503.0,27457.66441717791,0.14718666859971521,0.12797970881084306,0.13602166553088577,0.0003348904063566034,0.18305109611451942,0.16916555831877397
G8,HG,0.1,1d10_FixSilTaccBug/CorrectSN_0.1Zsun_DTMini1d-3_MR,21,100.1,88080000.0,319500.0,66600000.0,143000.0,905.6,978.4,2672.0,5025.0,49104.85889570552,0.2740116134207926,0.24035195112202695,0.26969399228143387,0.0005575029393245404,0.15369282909453996,0.1512710798862414
G8,HG,0.1,1d10_FixSilTaccBug/CorrectSN_0.1Zsun_DTMini1d-3_MR,41,200.1,76120000.0,305600.0,57480000.0,139000.0,2265.0,2969.0,3282.0,7213.0,69620.50306748465,0.3086065947026452,0.2554290623443284,0.29849171822225523,0.0009146151217483533,0.22781578228888955,0.2203489020028223
G8,HG,0.1,1d10_FixSilTaccBug/CorrectSN_0.1Zsun_DTMini1d-3_MR,61,300.1,60370000.0,271700.0,45510000.0,124300.0,2846.0,5139.0,2874.0,7008.0,68610.76687116564,0.3485551105052486,0.2853138509388529,0.3346155954020837,0.0011365043377698466,0.2525239855398073,0.24242497449607006
G8,HG,0.1,1d10_FixSilTaccBug/CorrectSN_0.1Zsun_DTMini1d-3_MR,81,400.1,64780000.0,288500.0,48830000.0,132200.0,3186.0,6857.0,2844.0,7546.0,73785.33128834356,0.34550305549804394,0.28353165365549415,0.3311178469650209,0.0011390140674335221,0.25575504779321856,0.24510654660825712
G9,HG,0.003,1d11_FixSilTaccBug/CorrectSN_0.003Zsun_DTMini1d-3,21,100.1,296700000.0,406700.0,224800000.0,246800.0,48.92,8804.0,1605.0,1654.0,28846.785030674844,0.14010576638142871,0.13588345215414174,0.10191411599465244,9.722542983038371e-05,0.0709289034440001,0.05159428251715058
G9,HG,0.003,1d11_FixSilTaccBug/CorrectSN_0.003Zsun_DTMini1d-3,41,200.1,358800000.0,961500.0,270700000.0,562800.0,301.4,16020.0,7988.0,7060.0,108640.41840490796,0.26532183641511153,0.24913160621306063,0.19923909935223982,0.0003027882341273912,0.11299055476329481,0.08484841153868404
G9,HG,0.003,1d11_FixSilTaccBug/CorrectSN_0.003Zsun_DTMini1d-3,61,300.0,280200000.0,1199000.0,210300000.0,675800.0,1030.0,19280.0,9531.0,13270.0,160193.43558282207,0.41009651281036386,0.3785190582420441,0.3181476852699479,0.0005717110477616777,0.13360586787558137,0.10364974164692409
G9,HG,0.003,1d11_FixSilTaccBug/CorrectSN_0.003Zsun_DTMini1d-3,81,400.0,281900000.0,1500000.0,210800000.0,821800.0,6374.0,27500.0,11160.0,20970.0,230990.5644171779,0.49751100517353913,0.4531192193898561,0.3956160467143428,0.00081940604617658,0.15399370961145192,0.12245434167653936
G9,HG,0.01,1d11_FixSilTaccBug/CorrectSN_0.01Zsun_DTMini1d-3,21,100.1,310300000.0,534700.0,234900000.0,299100.0,64.75,9806.0,4549.0,3623.0,60005.719325153375,0.1624952079009668,0.15236291260822513,0.12811681224669255,0.00019337969489253425,0.11222315190789858,0.08848059378759537
G9,HG,0.01,1d11_FixSilTaccBug/CorrectSN_0.01Zsun_DTMini1d-3,41,200.0,319700000.0,1020000.0,240900000.0,569400.0,323.8,15840.0,8879.0,9974.0,131826.37668711654,0.30163923064173187,0.27884598533036864,0.23721123311468814,0.0004123439996469082,0.1292415457716829,0.10163646942384101
G9,HG,0.01,1d11_FixSilTaccBug/CorrectSN_0.01Zsun_DTMini1d-3,61,300.0,281500000.0,1334000.0,211100000.0,725500.0,1651.0,20020.0,11020.0,18140.0,200566.70552147238,0.438587596133139,0.39835650760264724,0.3523344800491261,0.0007124927371988362,0.1503498542139973,0.12078188753397819
G9,HG,0.01,1d11_FixSilTaccBug/CorrectSN_0.01Zsun_DTMini1d-3,81,400.0,271100000.0,1577000.0,202500000.0,839800.0,11790.0,30130.0,11780.0,25680.0,271735.9509202454,0.5292465118370732,0.4753692838962197,0.4324938053558475,0.0010023458167474932,0.1723119536590015,0.14081123045592023
G9,HG,0.03,1d11_FixSilTaccBug/CorrectSN_0.03Zsun_DTMini1d-3,21,100.0,343400000.0,906500.0,259600000.0,462100.0,160.6,11810.0,10130.0,13710.0,158228.26871165645,0.22716344276327377,0.20041712130366243,0.19626607314131808,0.00046076956526399667,0.1745485589759034,0.15080754115166511
G9,HG,0.03,1d11_FixSilTaccBug/CorrectSN_0.03Zsun_DTMini1d-3,41,200.1,327800000.0,1328000.0,246700000.0,694900.0,838.5,16970.0,12690.0,20440.0,221060.0337423313,0.3594680731973336,0.32035564458651483,0.3012082351420192,0.0006743747216056476,0.16646086878187596,0.1394821633532711
G9,HG,0.03,1d11_FixSilTaccBug/CorrectSN_0.03Zsun_DTMini1d-3,61,300.1,290000000.0,1651000.0,217000000.0,860300.0,4992.0,22220.0,14140.0,27940.0,285371.509202454,0.5059380594349341,0.4494601653827093,0.42327906678630944,0.000984039686905014,0.17284767365381828,0.14460821959527212
G9,HG,0.03,1d11_FixSilTaccBug/CorrectSN_0.03Zsun_DTMini1d-3,81,400.1,297400000.0,2019000.0,221700000.0,1037000.0,23220.0,46270.0,16000.0,38150.0,401698.5889570552,0.5969256278287075,0.525788673886202,0.504746214403392,0.0013507013751077848,0.19895918224717937,0.16823518605717458
G9,HG,0.1,1d11_FixSilTaccBug/CorrectSN_0.1Zsun_DTMini1d-3,21,100.1,399500000.0,2362000.0,300500000.0,1108000.0,13870.0,20970.0,25560.0,65390.0,592815.4601226994,0.4705463897429195,0.3823967129764695,0.4395829359189693,0.0014838935172032525,0.25098029641096503,0.2344649921008246
G9,HG,0.1,1d11_FixSilTaccBug/CorrectSN_0.1Zsun_DTMini1d-3,41,200.1,331900000.0,2557000.0,248100000.0,1237000.0,35940.0,54680.0,24670.0,62490.0,625343.9263803681,0.6362826731377001,0.533964458289123,0.5727976021800807,0.0018841335534208136,0.24456156682845837,0.22016044908774118
G9,HG,0.1,1d11_FixSilTaccBug/CorrectSN_0.1Zsun_DTMini1d-3,61,300.1,323500000.0,2967000.0,240400000.0,1439000.0,54210.0,111700.0,25920.0,72370.0,768916.1349693252,0.7638946918322007,0.6448150913735073,0.6819004498888205,0.0023768659504461364,0.25915609537220263,0.23133903130269895
G9,HG,0.1,1d11_FixSilTaccBug/CorrectSN_0.1Zsun_DTMini1d-3,81,400.1,304300000.0,3154000.0,225100000.0,1525000.0,64520.0,168000.0,26440.0,78380.0,875587.4846625767,0.8645726846213757,0.7289503683210692,0.7706149893655619,0.0028773824668504,0.2776117579779888,0.24744221709439093
G9,LG,0.003,1d11_fg0.15_FixSilTaccBug/CorrectSN_0.003Zsun_DTMini1d-3,21,100.1,85690000.0,91440.0,64940000.0,53940.0,4.094,1117.0,2.762,213.2,2446.014245398773,0.10599998881154518,0.10503142652748687,0.07933846436168066,2.8544920590486322e-05,0.026749937066915714,0.02002169011955159
G9,LG,0.003,1d11_fg0.15_FixSilTaccBug/CorrectSN_0.003Zsun_DTMini1d-3,41,200.0,112400000.0,140700.0,85160000.0,79310.0,18.24,2134.0,243.6,362.2,5868.804417177913,0.11885007461256364,0.11677823509066665,0.09306909735543532,5.2213562430408476e-05,0.04171147418036896,0.032663414507617936
G9,LG,0.003,1d11_fg0.15_FixSilTaccBug/CorrectSN_0.003Zsun_DTMini1d-3,61,300.2,122900000.0,157600.0,93070000.0,86250.0,58.93,4034.0,943.3,721.4,14305.81343558282,0.1182650858623135,0.1130556731835322,0.09534151439348339,0.00011640206212842002,0.09077292789075393,0.07317821948829933
G9,LG,0.003,1d11_fg0.15_FixSilTaccBug/CorrectSN_0.003Zsun_DTMini1d-3,81,400.0,120000000.0,166800.0,90870000.0,88230.0,215.5,6982.0,1560.0,1530.0,26154.555214723925,0.12390901732598578,0.11400524954977662,0.10334572490706319,0.00021795462678936604,0.15680188977652232,0.1307798682893251
G9,LG,0.01,1d11_fg0.15_FixSilTaccBug/CorrectSN_0.01Zsun_DTMini1d-3,21,100.0,83650000.0,109200.0,63370000.0,57590.0,7.434,1240.0,302.8,280.7,4827.188601226993,0.11597664280552004,0.11329488440116042,0.09705868628579427,5.770697670325157e-05,0.04420502382076001,0.03699435882507714
G9,LG,0.01,1d11_fg0.15_FixSilTaccBug/CorrectSN_0.01Zsun_DTMini1d-3,41,200.0,104300000.0,160100.0,78940000.0,80560.0,27.24,2374.0,1126.0,1027.0,15609.828957055213,0.13023553459564113,0.12229208023123764,0.11412603763094019,0.00014966278961702027,0.09750049317336174,0.08544016030253798
G9,LG,0.01,1d11_fg0.15_FixSilTaccBug/CorrectSN_0.01Zsun_DTMini1d-3,61,300.1,108300000.0,170500.0,81930000.0,83170.0,81.12,4300.0,1567.0,1890.0,25589.708957055213,0.12954805835056285,0.11725899107457494,0.11705059949815842,0.00023628540126551442,0.15008626954284582,0.13560749616866777
G9,LG,0.01,1d11_fg0.15_FixSilTaccBug/CorrectSN_0.01Zsun_DTMini1d-3,81,400.0,107500000.0,176200.0,81300000.0,83790.0,268.4,7392.0,1751.0,2897.0,36175.73742331288,0.13152515019877864,0.11487423646234139,0.1218639232298781,0.00033651848765872444,0.20531065506988014,0.19022948743946155
G9,LG,0.03,1d11_fg0.15_FixSilTaccBug/CorrectSN_0.03Zsun_DTMini1d-3,21,100.0,109400000.0,236300.0,82760000.0,113400.0,35.79,1739.0,2393.0,3083.0,35369.882024539875,0.17486372843741724,0.15559267505044522,0.16059207709507078,0.00032330787956617803,0.1496821075943287,0.13746567557115827
G9,LG,0.03,1d11_fg0.15_FixSilTaccBug/CorrectSN_0.03Zsun_DTMini1d-3,41,200.0,113700000.0,271700.0,85950000.0,128200.0,173.4,2678.0,2713.0,5442.0,52882.074846625765,0.19034843292207937,0.16271463474350495,0.1776670492033755,0.00046510180164138754,0.19463406274061745,0.18166716200782052
G9,LG,0.03,1d11_fg0.15_FixSilTaccBug/CorrectSN_0.03Zsun_DTMini1d-3,61,300.2,112500000.0,279800.0,85050000.0,130200.0,632.7,4372.0,2810.0,6822.0,64096.724539877294,0.19536368024469242,0.16237957913834927,0.18491532424617926,0.000569748662576687,0.22908050228690954,0.2168289177691836
G9,LG,0.03,1d11_fg0.15_FixSilTaccBug/CorrectSN_0.03Zsun_DTMini1d-3,81,400.1,113200000.0,289000.0,85530000.0,133200.0,1211.0,7298.0,2723.0,7888.0,73607.15950920245,0.19874349114402776,0.16261079743905496,0.18981438911292972,0.0006502399249929546,0.2546960536650604,0.24325312772568838
G9,LG,0.1,1d11_fg0.15_FixSilTaccBug/CorrectSN_0.1Zsun_DTMini1d-3,21,100.1,127500000.0,680300.0,96050000.0,308800.0,3849.0,4465.0,6743.0,18450.0,162872.28220858896,0.41028636473144486,0.3338948688192113,0.39670529922005976,0.00127742966438109,0.23941243893662936,0.23148754477260539
G9,LG,0.1,1d11_fg0.15_FixSilTaccBug/CorrectSN_0.1Zsun_DTMini1d-3,41,200.0,133800000.0,758000.0,100700000.0,345700.0,9507.0,18040.0,7050.0,23650.0,215890.55828220857,0.43810385087514847,0.3493123489960672,0.42120237162496316,0.0016135318257265215,0.2848160399501432,0.2738282059474946
G9,LG,0.1,1d11_fg0.15_FixSilTaccBug/CorrectSN_0.1Zsun_DTMini1d-3,61,300.1,125200000.0,740100.0,94080000.0,337300.0,12020.0,30640.0,6252.0,24070.0,228684.53987730062,0.45753697240074664,0.3636677907417334,0.4395049704858843,0.0018265538328857878,0.3089914064008926,0.2968137377795757
G9,LG,0.1,1d11_fg0.15_FixSilTaccBug/CorrectSN_0.1Zsun_DTMini1d-3,81,400.1,116900000.0,717100.0,87770000.0,326200.0,12570.0,39630.0,5933.0,23450.0,232463.8036809816,0.47429114880179013,0.3767893711466509,0.4560819942695597,0.0019885697491957366,0.3241720871300817,0.3117263570242176
G10,LG,0.03,1d12_fg0.10_FixSilTaccBug/CorrectSN_0.03Zsun_MR,21,100.1,650800000.0,2220000.0,490800000.0,1145000.0,8869.0,24150.0,21520.0,27310.0,332589.5521472393,0.2977200575146246,0.2687436415586708,0.2536197942252372,0.0005110472528384131,0.1498151135798375,0.1276235084567068
G10,LG,0.03,1d12_fg0.10_FixSilTaccBug/CorrectSN_0.03Zsun_MR,41,200.0,842700000.0,3463000.0,633900000.0,1782000.0,25110.0,47350.0,30290.0,69090.0,682153.2515337423,0.3587518171417009,0.31309130927308376,0.3055323590353718,0.0008094852872122253,0.19698332415066194,0.16776160243004173
G10,LG,0.03,1d12_fg0.10_FixSilTaccBug/CorrectSN_0.03Zsun_MR,61,300.1,827800000.0,3827000.0,621600000.0,1953000.0,49410.0,87060.0,29600.0,83260.0,828862.6380368097,0.40095755320490134,0.34807754215645814,0.3437247112649554,0.0010012836893413986,0.21658286857507442,0.1856677430587264
G10,LG,0.03,1d12_fg0.10_FixSilTaccBug/CorrectSN_0.03Zsun_MR,81,400.1,813800000.0,4214000.0,609900000.0,2130000.0,67010.0,151100.0,31460.0,94330.0,989827.7914110429,0.44568511697603624,0.3856161752393416,0.38499453205440354,0.0012163035038228593,0.23489031594946438,0.20290443595391
G10,LG,0.1,1d12_fg0.10_FixSilTaccBug/CorrectSN_0.1Zsun_MR,21,100.1,799300000.0,5098000.0,600500000.0,2394000.0,85990.0,147100.0,52540.0,121500.0,1300820.0613496932,0.5087662524639325,0.42435534679659004,0.4742067524697493,0.0016274490946449308,0.25516282097875503,0.23783010783706293
G10,LG,0.1,1d12_fg0.10_FixSilTaccBug/CorrectSN_0.1Zsun_MR,41,200.2,852400000.0,6118000.0,638400000.0,2905000.0,130400.0,301600.0,52310.0,174700.0,1824699.3865030673,0.580711491177254,0.47714611012761754,0.5336343130875603,0.0021406609414630073,0.29825096216133823,0.27407232289827255
G10,LG,0.1,1d12_fg0.10_FixSilTaccBug/CorrectSN_0.1Zsun_MR,61,300.0,857900000.0,6727000.0,640900000.0,3204000.0,143000.0,428700.0,54030.0,191200.0,2076178.527607362,0.637983427436011,0.5265422162227088,0.5829918392408886,0.0024200705532199116,0.3086336446569588,0.2820306741717459
G10,LG,0.1,1d12_fg0.10_FixSilTaccBug/CorrectSN_0.1Zsun_MR,81,400.0,842100000.0,7091000.0,627700000.0,3367000.0,151200.0,526900.0,53710.0,203100.0,2253621.472392638,0.6845389263169469,0.5653811748819741,0.6260680393192978,0.002676192224667662,0.31781433823052296,0.29066776475968786
G10,LG,0.3,1d12_fg0.10_FixSilTaccBug/CorrectSN_MR,21,100.0,944600000.0,14540000.0,700900000.0,6498000.0,349000.0,1094000.0,157900.0,475300.0,5327662.576687116,1.1831254830498026,0.9200094315015412,1.1444430364104474,0.005640125531110646,0.3664142074750424,0.3544342457282812
G10,LG,0.3,1d12_fg0.10_FixSilTaccBug/CorrectSN_MR,41,200.0,915600000.0,14770000.0,676800000.0,6640000.0,385800.0,1524000.0,130700.0,519600.0,5899370.552147239,1.2520304490630194,0.9721865127211284,1.199367916055614,0.006443174478098776,0.3994157448982559,0.3826156384271049
G10,LG,0.3,1d12_fg0.10_FixSilTaccBug/CorrectSN_MR,61,300.0,905700000.0,15140000.0,667300000.0,6831000.0,398000.0,1647000.0,129800.0,524500.0,6059110.429447852,1.3063824038115972,1.0208086485342884,1.2428514492887466,0.006689975079438945,0.4002054444813641,0.38074297023266046
G10,LG,0.3,1d12_fg0.10_FixSilTaccBug/CorrectSN_MR,81,400.0,916000000.0,15790000.0,672900000.0,7147000.0,415000.0,1737000.0,133100.0,537300.0,6264883.435582822,1.3554403669170803,1.0652747334091672,1.2816350383922337,0.006839392396924478,0.39676272549606223,0.37515852658301496
G10,LG,0.6,1d12_fg0.10_FixSilTaccBug/CorrectSN_0.6Zsun_MR,21,100.2,1051000000.0,30160000.0,765600000.0,13380000.0,805600.0,3085000.0,313000.0,1099000.0,12553176.687116563,2.2302900674106882,1.6931404521216793,2.133567252289376,0.011944031100967234,0.4162193861776049,0.3981688593302602
G10,LG,0.6,1d12_fg0.10_FixSilTaccBug/CorrectSN_0.6Zsun_MR,41,200.1,943500000.0,27770000.0,684600000.0,12380000.0,783400.0,3484000.0,244100.0,1045000.0,12175988.957055215,2.307761434458699,1.7593427903762309,2.1883243400846726,0.012905128730318193,0.43845837079781114,0.41576616655602244
G10,LG,0.6,1d12_fg0.10_FixSilTaccBug/CorrectSN_0.6Zsun_MR,61,300.1,971900000.0,28560000.0,703300000.0,12780000.0,802600.0,3587000.0,248100.0,1057000.0,12396348.466257669,2.3189821087190463,1.7785194798831574,2.1848133288912877,0.012754757141946361,0.43404581464487635,0.40893333226681416
G10,LG,0.6,1d12_fg0.10_FixSilTaccBug/CorrectSN_0.6Zsun_MR,81,400.0,921500000.0,27420000.0,664600000.0,12300000.0,775600.0,3431000.0,239100.0,996900.0,11789422.08588957,2.361847953993518,1.8201956050172179,2.2123295822432714,0.01279372988159476,0.4299570417902834,0.4027383223539465
