name,sample,OH_over_solar,DTG,DTG_err_low,DTG_err_high,DTM,DTM_err_low,DTM_err_high,OH_err_low,OH_err_high
IZw18,DGS,0.02879287981447528,6.982324040771711e-06,1.928802868357608e-07,1.277234925127757e-07,0.017710551702069116,0.002005471058146225,0.0018372221245090434,0.0024506715604667795,0.0024506715604667795
HS0822+3542,DGS,0.05113450101544604,4.441292156543566e-05,1.862837660852835e-07,1.2794181197311658e-07,0.06065914017234073,0.00543378638455232,0.005348957322580224,0.00435225195272802,0.00435225195272802
UGC4483,DGS,0.07479336041524703,5.356117999612973e-06,1.7549146336321906e-07,1.0997820095799883e-07,0.0052961297150183875,0.0006252236281980627,0.0005600992040349226,0.006365947500299669,0.006365947500299669
SBS1415+437,DGS,0.0930800096628921,1.080235630878664e-05,2.6334681619022505e-07,1.4968063309526238e-07,0.008554773592425924,0.0009384826508100012,0.0008476896076948623,0.007922393800086082,0.007922393800086082
SBS0335-052,DGS,0.09310809901228709,5.263106269891332e-06,9.780609458056191e-08,7.175672043926918e-08,0.00418514966671182,0.0004343149373060923,0.00041351377755439106,0.007924784591495551,0.007924784591495551
UM133,DGS,0.10439831870355586,4.4868324909365706e-05,0.0,0.0,0.030964478100102204,0.0026355045536802196,0.0026355045536802196,0.008885738149704909,0.008885738149704909
UM456A,HIGH,0.10781870781651048,9.028769950250808e-05,4.411911640636444e-05,0.00020624436639692572,0.05861127552312215,0.035774726026132554,0.1481051842992617,0.009843720758547003,0.010823104444521444
HS1442+4250,DGS,0.10926797877309385,2.469666332806951e-05,4.812802114782452e-07,3.67415327178338e-07,0.01652668194723271,0.0017341273003385774,0.0016566499757891017,0.009300213447710972,0.009300213447710972
VIIZw403,DGS,0.11280807884656804,8.225285791053807e-05,2.4509374523593703e-06,1.5961958985636905e-06,0.05142341441769165,0.00599220401988203,0.005428861761483505,0.009601524835358553,0.009601524835358553
UM461,DGS,0.11325445373629903,6.410547241081863e-05,2.8986284109030515e-06,1.8839885031221527e-06,0.040384506684770276,0.005340174668707281,0.004674082441245535,0.009639517500719532,0.009639517500719532
Mrk209,DGS,0.1288570662042358,3.4258490053699805e-05,1.656803944584223e-06,1.128101870056451e-06,0.019383705349303313,0.0026057828467337075,0.0023007262007632553,0.010967515217187402,0.010967515217187402
UM456,HIGH,0.132992762777483,0.00011904131253329609,5.729398699534684e-05,0.00022700598719211366,0.06239736275890286,0.03733228234370868,0.1327561467266104,0.011300916476539778,0.0124658820501901
UGC06578,HIGH,0.15147928282606826,0.0007954746430247193,0.00027111467054134503,0.0005670767585320252,0.2808015768657314,0.16215894140142328,0.31238298547099885,0.015692559924135884,0.01836780932903744
UGC07053,HIGH,0.1541617055357357,3.556140741291877e-05,1.7725080648589034e-05,6.151025245763818e-05,0.016861448341428217,0.010722233135494422,0.03197823368942458,0.019874205239393285,0.021146823661513207
SBS1211+540,DGS,0.16264145120587842,2.990970196583566e-05,2.5452013418843578e-06,1.8429135606372888e-06,0.01348840981238578,0.0023115558602697654,0.0019905140561153186,0.01384303277725314,0.01384303277725314
SBS1249+493,DGS,0.17457763658890665,0.0001393157414796575,1.0414752238025084e-05,4.69873952057046e-06,0.05600891863480966,0.009202585868259077,0.006768239943552762,0.014858966933444793,0.014858966933444793
NGC6822,DGS,0.17498961270485244,0.002998440392361828,0.00043794788971566936,0.00033346640513051175,0.5602414046171688,0.2337592160397027,0.1893672090069323,0.014894031788278533,0.014894031788278533
UGC07394,HIGH,0.17711649020234563,0.004306231497190937,0.0013242620341820848,0.0017541222931526275,0.6438311713291822,0.6465837972869027,0.8363094248942785,0.024948324509732563,0.027501271277487888
UGC09470,HIGH,0.17882533586598678,0.0012576271761635537,0.0003330646459803883,0.00041136229221753334,0.34334869001268536,0.1763712247295439,0.21456006127449603,0.01973641662720244,0.02267146549577653
Mrk1450,DGS,0.18386647309239953,0.0005630299520534911,0.0001529939641004685,0.00016847274450472439,0.18544915809395712,0.07764991743626129,0.08390901770838051,0.015649575153102325,0.015649575153102325
NGC2366,DGS,0.18556550096644683,0.00012438504289223238,6.902959454500166e-06,3.6544755565047547e-06,0.04747084005853408,0.006806192160796359,0.005504641144385275,0.01579418588041397,0.01579418588041397
,HRS_LTG,0.18742218535221833,0.007321954716366326,0.002685449639793327,0.0049848379714511675,0.7438906897591011,1.1286197914129927,2.04077562798421,0.015952215353335446,0.015952215353335446
SBS1533+574,DGS,0.22956855978271987,0.0001725355651931563,1.4769481372455142e-05,1.0568575968139933e-05,0.052921242553133074,0.009287660611507376,0.007927130342928157,0.019539453651801448,0.019539453651801448
,HRS_LTG,0.23340042687860613,0.0035939118077450843,0.000901898421616578,0.0011831986411571026,0.5337640058309464,0.33272940915530547,0.42233727638880186,0.01986559844092587,0.01986559844092587
UGC06780,HIGH,0.23688275513437929,0.0012486690734102425,0.0003518187318648997,0.00046796729034621854,0.28156520420260667,0.1373652126971653,0.17921396896758252,0.0226658813495505,0.027203615803173868
UGC09432,HIGH,0.23696077244876734,1.6139162526590607e-05,7.667093345959893e-06,2.257634107416298e-05,0.005038353023874302,0.0034451307474796526,0.007770513892476288,0.048888342480438884,0.03230591498601506
,HRS_LTG,0.24268541378361447,0.0005770876535051576,0.00021200258777337856,0.0003828173359313135,0.15023604124857226,0.07773657007329543,0.13006761493372768,0.020655879006608324,0.020655879006608324
,HRS_LTG,0.24994027913097033,0.0009621926836998338,0.00016782363760736718,0.00021279476149627444,0.2225294373258441,0.06886262826445225,0.08224013586719169,0.021273368201726716,0.021273368201726716
Mrk930,DGS,0.25489669822371563,0.0022919719750946104,0.00023203596434101265,0.00017192994807116186,0.4006711058437156,0.10178396068609273,0.08425196115671758,0.02169522789032372,0.02169522789032372
NGC1705,DGS,0.2615083729349664,0.007581537251840122,0.0028076420159718887,0.002883082794454624,0.6830936916416445,0.856381371284275,0.877829938111761,0.0222579726830059,0.0222579726830059
NGC1569,DGS,0.272498329870324,0.0009093422963696286,0.0003114339289098072,0.0004938812290054983,0.19878746592038823,0.1018923314557425,0.15167192104866645,0.023193369735533282,0.023193369735533282
IIZw40,DGS,0.28038984749287094,0.0004657202078431477,6.641935131565556e-05,3.9554496898430464e-05,0.10991838627533171,0.02696762823929088,0.01984402172008772,0.02386504682831146,0.02386504682831146
UGC09482,HIGH,0.2849433238374054,0.000840310383612279,0.0002939664073846073,0.0005726673103034495,0.17983023609555937,0.09279286655463331,0.1669851003697644,0.025493317791035155,0.027825100213831264
,HRS_LTG,0.2852768461969914,0.000288048249157376,8.148550104171377e-05,0.00013914421995868528,0.06982950902879918,0.02718037523458261,0.04220750995274553,0.024280997883481873,0.024280997883481873
NGC4214,DGS,0.28991026152040494,0.0022560032998808293,0.0005794319474938423,0.0006077712702185975,0.36651416659325364,0.17979464727551372,0.18706245777293876,0.02467536549221312,0.02467536549221312
NGC4861,DGS,0.2937260243363498,0.0005172073413682879,4.060570097556246e-05,2.8500297139517406e-05,0.11576273600145012,0.02013133087904927,0.017067148782763088,0.02500013958479351,0.02500013958479351
UGC06970,HIGH,0.2953835266320983,0.002943983155616074,0.001733919630379085,0.0030525992762147,0.425622278130753,0.5484725214606985,0.8892791263673024,0.07775389518189452,0.08392265242763927
UM311,DGS,0.29723458019723703,0.0001665744495461074,1.1869508037848787e-06,8.87281108853758e-07,0.039999824083794225,0.00370143784811004,0.003626479292812457,0.025298766124479295,0.025298766124479295
NGC5253,DGS,0.300867623284998,0.0018732812276904673,0.0005885064902016414,0.0007783600904824317,0.3164352717376319,0.17236284694245751,0.21927885990669038,0.025607988245729223,0.025607988245729223
UGC04996,HIGH,0.30738579741564404,0.0021545903004295663,0.0005560701958984907,0.0008736920282411361,0.34260049779300966,0.1661609340674771,0.24640239977876485,0.028406269960542095,0.03147129995349002
UM491,HAPLESS,0.30814201473310926,0.0004324202484798589,0.00015221627928953805,0.0003405818388440483,0.09447822355375995,0.04715651865428775,0.09416873446236709,0.034015342994801426,0.03911243904228177
PGC037392,HAPLESS,0.31392882476382683,0.002501916383774809,0.0013985780521513296,0.002974207937582086,0.3720731689813891,0.3811961725210035,0.7624747646128351,0.04215560123755676,0.0490013970583546
NGC5496,HIGH,0.31411453077478135,0.0012149884487794031,0.00019851054916559456,0.00029413399975915635,0.2233504902197506,0.05784099521544538,0.08085511739282134,0.015265462061194604,0.015800584947281635
NGC625,DGS,0.31438486621893635,0.002304662037606531,0.0007869137548523802,0.001281520184308722,0.3527649140992628,0.2161238131546911,0.33309417712134665,0.02675849222614279,0.02675849222614279
UM452,HAPLESS,0.3144800608895297,0.001263653789544125,0.0005603157300167232,0.001085569275679859,0.23003082776789954,0.15781508346854572,0.28575355001195174,0.03464985564234446,0.039787378001449214
,HRS_LTG,0.3258947271727356,0.0031626563192467426,0.0010322925640055447,0.0015610918969020046,0.41912023574478285,0.2711795712968316,0.3918195579342849,0.027738140287960563,0.027738140287960563
,HRS_LTG,0.3286731400947566,0.0022027906946349117,0.0004763388226014652,0.0005930232603956771,0.3325747982455137,0.13605973387521014,0.1624550239857038,0.02797462158386092,0.02797462158386092
,HRS_LTG,0.3289872468746143,0.0011736240053448407,0.00024375620797337965,0.0003429894959562374,0.2096317739281474,0.07293021958520944,0.09535643730966183,0.028001356407098707,0.028001356407098707
,HRS_LTG,0.33273911747117707,0.0014258310584947898,0.0002910596214514016,0.0003262201646843407,0.24161827734457908,0.08560134942624312,0.09345785515657583,0.02832069238977195,0.02832069238977195
NGC4449,DGS,0.33760667791961246,0.0015944371698277916,0.00038416944756859955,0.00039493482336765075,0.2598814967003351,0.10672323299980017,0.10909403825932286,0.028734988981036727,0.028734988981036727
,HRS_LTG,0.3399563535869126,0.0022526098555841942,0.0005184720655499124,0.0008077419998135768,0.33005162295506374,0.14148329682418737,0.20474747201209917,0.02893497881780458,0.02893497881780458
,HRS_LTG,0.3424024764762125,0.001452977704725156,0.00026965835674728805,0.0003204041382993295,0.23983293333518174,0.07896684193563377,0.0899858059347221,0.029143177644627052,0.029143177644627052
,HRS_LTG,0.35125798802151204,0.002400221479420326,0.0003510785647990273,0.0004993314683547959,0.33689014485023505,0.10298546667311238,0.13436559491603514,0.029896903928252918,0.029896903928252918
,HRS_LTG,0.35583689951138897,0.003234866441632816,0.0006938590286116627,0.0009408727958354233,0.4033060424305167,0.17930353442862657,0.23091520224128378,0.030286632508319943,0.030286632508319943
Haro3,DGS,0.3558520205490656,0.0010021242863931094,0.0002647000792596096,0.00028327483183653544,0.1731282771238292,0.07004034591662181,0.07392123577160943,0.030287919517373495,0.030287919517373495
UGC09299,HIGH,0.3591952015162367,0.00028606376166353067,5.3392527621869e-05,8.144711428468941e-05,0.055901971600332015,0.015774177414994258,0.02208311373591633,0.03034426391180479,0.033569495033823
,HRS_LTG,0.35952450478778225,0.005071500598808385,0.0010163164211163247,0.0013383642883991543,0.5119053954173004,0.25374381530204954,0.3203431125210716,0.030600498625058325,0.030600498625058325
,HRS_LTG,0.3632758405827903,0.004152842110400698,0.0011935281156245274,0.0017873037333588707,0.45944098453812016,0.28337686325644557,0.4049012839448117,0.030919789088736268,0.030919789088736268
UGC07000,HIGH,0.36418190287690977,0.002124724341811043,0.0004797329516225211,0.0006924767040857463,0.3025392474670857,0.11742013002843567,0.16190137888123432,0.02344954912512001,0.02471182001213792
,HRS_LTG,0.36577487911481876,0.004053445035658208,0.0009081948108749368,0.0011117000298421663,0.4517320974966522,0.22305338126003263,0.26441898730734487,0.031132491767260073,0.031132491767260073
UGC07396,HAPLESS,0.3710805862977068,0.00236802772159464,0.0009866911542510152,0.00161602743869634,0.3217839240870065,0.240623121746232,0.3729831779513347,0.04950723383879864,0.05673396353975751
,HRS_LTG,0.3734379614600798,0.0016497157683326399,0.0002934177650349074,0.00035629311830265883,0.2472426467563,0.07946162422160218,0.09197976093318319,0.03178472586437199,0.03178472586437199
,HRS_LTG,0.3772715081385408,0.0012470749694161222,0.00021487578226786334,0.0002540870933297938,0.19727901341282642,0.059137049036616596,0.06686447888361322,0.03211101360916032,0.03211101360916032
PGC052652,HAPLESS,0.3778093126718256,0.009698247677564803,0.005732375387898436,0.007258867203647684,0.6561833635533435,1.200436218787641,1.511660176717303,0.04166071657180133,0.04789295981692673
,HRS_LTG,0.3883373247986671,0.0009855136808253374,0.00021353524414088442,0.000268355597892505,0.15873234436038575,0.054392879867630424,0.0648885558487523,0.033052867371515735,0.033052867371515735
NGC1140,DGS,0.3906543779816454,0.0006308584950760283,8.800919410636575e-05,7.160984432864014e-05,0.10719479301398638,0.02587368933179978,0.022752560835417355,0.03325008058451151,0.03325008058451151
UGC09215,HIGH,0.39519759281874256,0.002482946307784383,0.0003771027703212558,0.0004132944604296725,0.3183936417468339,0.08748598651359378,0.09552522553890579,0.02053078241968402,0.022057998635149432
,HRS_LTG,0.4037451358598901,0.005081935108261376,0.0032803618191601723,0.0017259639366070936,0.4834271885846236,0.6452231333754888,0.358981627190983,0.034364284799021594,0.034364284799021594
NGC4030b,HIGH,0.404761089188932,0.00019059333657931734,9.000988738901017e-05,0.0002882854005032986,0.033825350918712783,0.020382681994858643,0.057382984975830505,0.04605810690888817,0.05299400235514374
,HRS_LTG,0.4066163071404729,0.005723363027895154,0.00178186358128345,0.003660467547162944,0.5113637280483193,0.36933633746565986,0.7128374584529398,0.034608661111772916,0.034608661111772916
,HRS_LTG,0.408730823354594,0.0032857566255346917,0.0009596739924224041,0.001644998033654893,0.37409620504961355,0.20640851619418157,0.3310711484284982,0.03478863563267816,0.03478863563267816
NGC5705,HIGH,0.40944517966719735,0.003823448706643546,0.0007011322289947109,0.0008380893387800086,0.4097802144204438,0.16259346926649965,0.1909527480553908,0.035248949237663446,0.03873590445478945
,HRS_LTG,0.41253694659777235,0.0040496427801902345,0.0013296414715669976,0.00220490860117097,0.4219140544390992,0.27554525191298956,0.4332902091963723,0.03511258926454097,0.03511258926454097
,HRS_LTG,0.4125767893136056,0.008286104877948335,0.0029682021319345944,0.006114680904995056,0.598912001968148,0.5858680414872431,1.152887195967982,0.0351159804296906,0.0351159804296906
,HRS_LTG,0.4138889249283287,0.0026935629283308597,0.0006350132641204905,0.00085897545664848,0.326082640928553,0.14182551738088528,0.18205723928878245,0.03522766128465186,0.03522766128465186
NGC5725,HIGH,0.41418440502440973,0.0032555122374784426,0.0011090078955799058,0.001686511971649228,0.36884255116065406,0.21484921385850497,0.3192602747503819,0.017712368491414183,0.018548299988581027
UM448,DGS,0.4209173842557447,0.0013672531142586329,0.00042899867426289344,0.0009400010761773537,0.19452731462994838,0.0923338544249197,0.18259561375790767,0.03582588020191823,0.03582588020191823
,HRS_LTG,0.42550145733345685,0.003654761375304476,0.0013763987521928822,0.002672012493687827,0.3897266451042917,0.273674359127599,0.5000617370290208,0.03621604810436621,0.03621604810436621
,HRS_LTG,0.4314696049955418,0.003103615714788539,0.0005413756227097325,0.0006719116592890377,0.3484514276650621,0.12294611764585414,0.14543966392974628,0.036724019861216484,0.036724019861216484
IC10,DGS,0.4338632634965914,0.0013570855589825632,3.288076637777623e-05,3.277322468510412e-05,0.18867942916299332,0.02169387187046909,0.02167544287323562,0.03692775324432332,0.03692775324432332
,HRS_LTG,0.4365646296970066,0.005509249292981708,0.0017061417958978836,0.002837876720975189,0.4840724194378545,0.33176690872756454,0.524507810937032,0.037157676800578215,0.037157676800578215
UGC06903,HIGH,0.43939823865339367,0.0031391982796720426,0.0008034308445525862,0.00148416731206767,0.3469070612017997,0.172440045193007,0.29173164619371866,0.046223379809126615,0.05142403093650705
,HRS_LTG,0.44317819370215317,0.00269217988105347,0.0009076907409000534,0.0015211866757081065,0.31112940277352935,0.17875943319933899,0.281682097949241,0.03772058239825279,0.03772058239825279
,HRS_LTG,0.4466817975324947,0.003645762222074233,0.000941514956804757,0.0018552556902456207,0.37765703845267967,0.1888574264066719,0.3409480519610544,0.038018787451775914,0.038018787451775914
,HRS_LTG,0.4469496439778614,0.005702561844311017,0.0018433096712798728,0.003653266679357145,0.48681449735702215,0.3480665961163053,0.649150389545848,0.03804158488192051,0.03804158488192051
,HRS_LTG,0.4492008911228285,0.0022575473327816533,0.0005082754785452896,0.0006370839092253349,0.272016618051235,0.10727953645599288,0.12859925149676343,0.03823319709262336,0.03823319709262336
,HRS_LTG,0.4518651536240954,0.0021824151862101866,0.000390350628731752,0.00046157819776322705,0.26421486552535517,0.0867162362795715,0.09843594955474114,0.038459962611860875,0.038459962611860875
,HRS_LTG,0.4525771527607307,0.0034450379127951916,0.0006802905041262738,0.0008095515071080781,0.36141055471460415,0.14251925332745866,0.16375427023992717,0.038520563567599655,0.038520563567599655
,HRS_LTG,0.4537165177620532,0.0025168883596855115,0.00043955470001061587,0.0005441766811224162,0.2920035625317136,0.096882313426392,0.11402646765431251,0.0386175392582469,0.0386175392582469
UGC04673,HIGH,0.46520220139812934,0.004165071328769434,0.001349866306696877,0.0018352073270685148,0.3996406609528107,0.2510457910692101,0.3334499228345704,0.04110004079317642,0.046729471161469756
NGC5584,HIGH,0.46853066756752315,0.005584701947368306,0.0013254349937653655,0.0025089751241463227,0.4698380858342944,0.23383071999255697,0.4224908878062289,0.023436819984579138,0.024282910699481623
Haro2,DGS,0.4696489975104086,0.0018312964352964656,0.0005501913459092249,0.0012604425557097038,0.22475202225690438,0.10622948296697245,0.21866830787180958,0.03997361323412542,0.03997361323412542
,HRS_LTG,0.47116239812625693,0.004324406708477869,0.0011448381506255108,0.001517216907856043,0.4056080376536007,0.21517834239527472,0.2739397228960249,0.0401024245191636,0.0401024245191636
,HRS_LTG,0.4733786157693841,0.007764775309499309,0.0019506015074272744,0.0031648533225956703,0.5494572902568037,0.35313033340320626,0.5438422548087587,0.040291055235674486,0.040291055235674486
2MASXJ14265308+0057462,HIGH,0.4837155141645244,0.0042889722003500805,0.0010874261790893972,0.0015073919050392114,0.39731298828585887,0.21102211703388316,0.28213306999846954,0.05342171643792028,0.06140850198688402
,HRS_LTG,0.4846137862551998,0.0024498515033663125,0.00044723699811429927,0.0006146695181838799,0.27317985377179016,0.09186647273377177,0.11755396833621652,0.04124732334654063,0.04124732334654063
Mrk1089,DGS,0.49431529339822106,0.0005066026963249639,4.230381707713207e-05,3.0439693976689317e-05,0.07080259172077331,0.012389150539030828,0.010604680285699464,0.04207305553457675,0.04207305553457675
,HRS_LTG,0.499018695845169,0.013704616270736094,0.004634513113835095,0.009699129762814717,0.6712546957097529,0.7476351579526067,1.5022189578204779,0.0424733800136992,0.0424733800136992
,HRS_LTG,0.5001662611369985,0.0029347042723267404,0.0009482449120625327,0.0015664748043465512,0.30373859961137534,0.1668084378271435,0.2587079746910835,0.04257105366227434,0.04257105366227434
,HRS_LTG,0.500494748136441,0.005385566256335578,0.0011375345654158148,0.001516182764350029,0.4444555749024518,0.20681221846130127,0.26306112527493636,0.042599012440719,0.042599012440719
,HRS_LTG,0.50114031303549,0.005518827070592462,0.0016116343795189335,0.002536665544243813,0.4501797140594632,0.2774194389330358,0.4146575526742258,0.04265395892570866,0.04265395892570866
,HRS_LTG,0.5031018462937383,0.002852408139104421,0.0006832809942930551,0.0009301393530315016,0.2965350027029469,0.1262159158852039,0.1626971600985826,0.04282091248512588,0.04282091248512588
,HRS_LTG,0.5060569219960311,0.007782534084478921,0.0023676065280386067,0.004572575372137576,0.5334522073029478,0.39325083692980867,0.7172029397399228,0.04307243022247269,0.04307243022247269
,HRS_LTG,0.5076719038467634,0.0056294277562127905,0.0017751644864771052,0.0037367261104966996,0.45188648213506666,0.2984377362554012,0.5857118828709301,0.04320988747293743,0.04320988747293743
,HRS_LTG,0.508042164789876,0.0034038338603098422,0.0009662650584642456,0.0015232716621827284,0.3325030317029339,0.16970868060419872,0.2512238249330549,0.04324140179068141,0.04324140179068141
,HRS_LTG,0.5138190911849193,0.004179876151037942,0.0006623508923518581,0.000736178974018952,0.3768797255847605,0.12791960944661432,0.1386025069839845,0.04373309797787992,0.04373309797787992
,HRS_LTG,0.5158755814303435,0.007670693539401635,0.002936417577691115,0.00426528833991002,0.5250583865418114,0.4678944924175115,0.6594150910297468,0.043908133687795434,0.043908133687795434
,HRS_LTG,0.5194392018796137,0.0020423572585989225,0.00035841655300633394,0.0005098452407829388,0.22620436527932034,0.07055473099834975,0.09222933402342365,0.04421144698412412,0.04421144698412412
,HRS_LTG,0.5220704849516674,0.0038470002160759264,0.0010400413225923224,0.0014584883531173517,0.3539473669700079,0.17824085031574516,0.2378330017235015,0.04443540549865165,0.04443540549865165
,HRS_LTG,0.5274437550176201,0.007822979620951232,0.002633751061831129,0.0055731008627440985,0.5244303922187413,0.4158946628392709,0.8302308201570094,0.044892744959733194,0.044892744959733194
,HRS_LTG,0.5327236725010612,0.004893743180421494,0.00158596575865737,0.0031649742542903102,0.4058208200206181,0.2558858575010387,0.476259772200815,0.045342138827302335,0.045342138827302335
,HRS_LTG,0.5329658781829946,0.0011311093550123844,0.0001733986770994508,0.00020308178317706262,0.13628643872992874,0.03578920135225142,0.03993003376815855,0.04536275387450575,0.04536275387450575
,HRS_LTG,0.5367760421490315,0.004057902334186848,0.0012196692383843787,0.0023211021903780374,0.3598215832364158,0.1995635172355281,0.3521242117682559,0.04568705142766637,0.04568705142766637
NGC5691,HIGH,0.5389958624752796,0.004914772124651916,0.004078879134914516,0.0018660737790693303,0.40403357940038626,0.5815905016843671,0.2774565519493562,0.025276326945341803,0.026746263568439104
,HRS_LTG,0.5416032204051298,0.005970470874734802,0.0016551730582597913,0.0023112393970181385,0.4504304394481871,0.26555435932604116,0.35561690809365687,0.0460979109368835,0.0460979109368835
,HRS_LTG,0.5426782903750851,0.004013559955924342,0.0008611775417542464,0.0009288537165874082,0.35478722848659455,0.14818260782900156,0.15745455762032978,0.046189414232762814,0.046189414232762814
,HRS_LTG,0.5439918818384851,0.001989995487006683,0.0004681131598888893,0.0006163678367660822,0.21382427894782946,0.08217820645449606,0.10244073779719323,0.04630121900054461,0.04630121900054461
,HRS_LTG,0.5500760814379635,0.005598499742894016,0.0016560637156960802,0.0038842466167580115,0.43075246742460616,0.2605000433008236,0.5616659398068441,0.046819068379374336,0.046819068379374336
,HRS_LTG,0.550603039236635,0.005751498983875199,0.0020258747029653665,0.0033530952650578693,0.43713999840176937,0.3107660803016619,0.48998432225428756,0.04686391976274035,0.04686391976274035
,HRS_LTG,0.5515154106891387,0.003078566307133768,0.0009837673105910533,0.0015452116804675464,0.29329599277368296,0.15758458454711938,0.2332725436108363,0.04694157516871708,0.04694157516871708
,HRS_LTG,0.5534188882674926,0.004229192267622147,0.0010957456299164744,0.001809039081321984,0.36231556102113943,0.1780467587090987,0.27387465957953055,0.047103587388311496,0.047103587388311496
,HRS_LTG,0.5569005652340872,0.004047292386110029,0.0008650620141852539,0.0014548011603847536,0.3507913808924077,0.1453479651201077,0.22408154774931055,0.04739992616302745,0.04739992616302745
,HRS_LTG,0.5592093035461961,0.0078181622916693,0.002615998948897098,0.005300871496645962,0.5096742601894476,0.3911893772594223,0.7481554998157357,0.04759643166572472,0.04759643166572472
,HRS_LTG,0.5593321296366173,0.00817757209998966,0.0019713768742940976,0.005931458401671105,0.5208449169079398,0.30637713579080006,0.8327725236757468,0.04760688586164461,0.04760688586164461
,HRS_LTG,0.565093784476151,0.007718844709056081,0.0023858923041671903,0.0043660038550329735,0.5038622154547538,0.35679770528638516,0.6173211682933681,0.04809728222864409,0.04809728222864409
Haro11,DGS,0.5697808438126719,0.01722106290591913,0.003640899919387016,0.0013824188103083823,0.6920365345942344,0.5339948422474101,0.2392906363981878,0.04849621568345111,0.04849621568345111
,HRS_LTG,0.5768465240222316,0.007796389856964287,0.0045801511053344835,0.0021599846294048375,0.5012151773755584,0.6329935764363585,0.3210596036085621,0.04909760261162547,0.04909760261162547
,HRS_LTG,0.5824151155004794,0.0025834264629727758,0.0007517406706509387,0.0011373120345196113,0.24800315265206901,0.1170735488587842,0.1662944827563917,0.04957156662132272,0.04957156662132272
,HRS_LTG,0.5834942261932934,0.008453803603555143,0.007338983518494938,0.004184588734169968,0.5185809611854383,0.9792793269644765,0.5773430562520556,0.049663413838499836,0.049663413838499836
,HRS_LTG,0.5860148647658966,0.0050273264464806115,0.0010514238613998673,0.001363273281385395,0.38943669430191685,0.1665436997808358,0.20610895977037164,0.049877954978667025,0.049877954978667025
,HRS_LTG,0.5899127361869222,0.002304458463340452,0.00040388803775093956,0.00047341031949387456,0.2250714822334849,0.07006057579108835,0.07882279190109578,0.050209717647056354,0.050209717647056354
NGC4202,HIGH,0.5977833040117403,0.0011228488925745118,0.00017045796511708678,0.00019980463768356225,0.12254116397998123,0.03534001031253301,0.04150585356697513,0.06897448333582219,0.08124733404827915
,HRS_LTG,0.5985141278600951,0.002705848845368023,0.0005685227201327248,0.0007229696257414603,0.2515696441781166,0.09203585827977576,0.1112217734899241,0.050941814821416916,0.050941814821416916
SDSSJ084258.35+003838.5,HIGH,0.6000135985074283,0.0017483117617866195,0.0008429262162566423,0.001662990243367528,0.17806311680388073,0.12411593936568478,0.22866378507316518,0.06626951991666968,0.07614706232856074
,HRS_LTG,0.6004439889818197,0.005343816528396872,0.0017497982944762506,0.0037937284353440856,0.3982042381473935,0.25055989393396716,0.50364772397989,0.051106072644779316,0.051106072644779316
,HRS_LTG,0.6085744581747861,0.002961654754940581,0.0009325839719847664,0.0017853444754284292,0.2656911945199858,0.1365476204234128,0.24072923215943723,0.051798087814947776,0.051798087814947776
,HRS_LTG,0.6109672791757901,0.009937658182629266,0.0032108669892064153,0.005362719171650642,0.5473735156133059,0.4373238305508199,0.6991856606360309,0.052001749915238975,0.052001749915238975
NGC5690,HIGH,0.6131410871834192,0.005037006575469624,0.001664115806299076,0.00280735133244284,0.3791854697367973,0.22722075278277243,0.3680397676378474,0.04112050271854462,0.04466230506769881
,HRS_LTG,0.6146976388653705,0.007120358060583358,0.0022251682753542078,0.00473273885266942,0.4627202332142121,0.3085243644472455,0.6118222175087288,0.052319255022768046,0.052319255022768046
,HRS_LTG,0.6154120743202001,0.013955506642714258,0.0059513305451346955,0.003530384897639036,0.6276990412295563,0.7724206963437971,0.4799403137961544,0.052380063342818736,0.052380063342818736
,HRS_LTG,0.6165848941298954,0.005091015300913255,0.001666281492130168,0.0036742051892482606,0.38037836682562803,0.23330009326209838,0.47542085982960636,0.052479886499505114,0.052479886499505114
,HRS_LTG,0.6289152787775643,0.003657222579369957,0.0009608152577404321,0.0014900053854015483,0.3018473431701097,0.13927754731892716,0.20183762851245116,0.053529372455073436,0.053529372455073436
,HRS_LTG,0.635149638769154,0.00433988625454616,0.001114717967113417,0.0017977624959713383,0.3368784082826794,0.15915982739712514,0.23911575705671068,0.05406000255624934,0.05406000255624934
,HRS_LTG,0.6373879615432132,0.005093132228181733,0.0015334399243627141,0.0028420217454875694,0.3726863831625489,0.21059204050663222,0.3632342844432892,0.05425051472456585,0.05425051472456585
,HRS_LTG,0.6403353717565538,0.0057235901577838335,0.0037467146503641618,0.0032973091647341213,0.39924315506359387,0.4690127410896204,0.4168321983107932,0.05450138002298006,0.05450138002298006
,HRS_LTG,0.6403480287266844,0.010009664052600903,0.0029498349697457786,0.005471078313783872,0.5375082478415915,0.3882484122503066,0.6809845937049482,0.054502457305868765,0.054502457305868765
,HRS_LTG,0.6477957940237399,0.006952354086245478,0.002150846800586748,0.003397588347063489,0.4438086172305443,0.2846332993439656,0.42772552011270354,0.055136364949707486,0.055136364949707486
,HRS_LTG,0.653430522627599,0.006139367423005792,0.0019701319510813985,0.0038477746545130063,0.41126501557366557,0.2591723282020136,0.4728165997094244,0.05561595814182313,0.05561595814182313
,HRS_LTG,0.6600948630692551,0.010317128399747971,0.003677313492461519,0.00792462494175782,0.5374790879206597,0.45993918739722134,0.9383329085626665,0.05618318551521786,0.05618318551521786
UGC06877,HAPLESS,0.6791078275941704,0.0032752351121777793,0.0022109689307222378,0.0018325157042665293,0.2639352875795259,0.27108702438536264,0.23396431026804,0.0746888121069329,0.08578039687309566
,HRS_LTG,0.6802578918662567,0.0052185517208592986,0.0014710681985227667,0.0024232486995094723,0.36320603588794076,0.19169566530278834,0.29576515150672117,0.05789933761824032,0.05789933761824032
,HRS_LTG,0.6848668710879929,0.0055090260514639175,0.0014704061300374882,0.0021558529001995085,0.3742421446351296,0.19148109548120676,0.2658934919535277,0.05829162537737627,0.05829162537737627
NGC5713,HIGH,0.6854128148892903,0.00301464862532073,0.0010255231475386698,0.0019916085727158346,0.2464266729701854,0.12127571920299209,0.22657594341181808,0.02790630505746487,0.029311227774209046
,HRS_LTG,0.688033906473175,0.007156828340411781,0.002312547570778869,0.004791361746568281,0.4361025386330824,0.2870139122936937,0.5548763679047244,0.058561183809859134,0.058561183809859134
,HRS_LTG,0.6921238310747718,0.0032312180902245055,0.0007133174975640479,0.0008903866516592487,0.25766706628070757,0.09855713643604982,0.11757828883458557,0.05890929285522624,0.05890929285522624
,HRS_LTG,0.6956894124630763,0.002860029665842636,0.0007196936863786323,0.0009649314818355793,0.23410145132914958,0.09684008289968887,0.12304903910324712,0.05921277305453769,0.05921277305453769
,HRS_LTG,0.6977762675523347,0.0036787706446243865,0.0009842615386496862,0.0013737521384060807,0.28159902496044414,0.12884297956327984,0.1703439738653671,0.059390393231852835,0.059390393231852835
,HRS_LTG,0.7039014091819534,0.009769271748664798,0.0027872803897667914,0.00668020225974191,0.5078443048486524,0.33763048227791015,0.7488195585929369,0.05991172734265586,0.05991172734265586
,HRS_LTG,0.7066395337201788,0.0041847622688538045,0.0013533382112854747,0.003018795516176855,0.30570112534002475,0.16841156271285554,0.34364351056767695,0.06014477954091051,0.06014477954091051
NGC4030,HIGH,0.7070839459851022,0.006157214960049173,0.0017853758597937979,0.0043113726459029595,0.3929929666393828,0.2143533037098129,0.4822595123825713,0.04789928015792981,0.05203606331036616
,HRS_LTG,0.7074002592206967,0.008069397941857228,0.0025373082054591135,0.005924272208932092,0.45890749601283437,0.30573646394932047,0.6617144010990651,0.06020952778288746,0.06020952778288746
,HRS_LTG,0.7080685234746277,0.0028176763884642055,0.0007800988575713871,0.0011571612522825081,0.22831465646997043,0.1013455852537562,0.1409383334970489,0.06026640629634418,0.06026640629634418
He2-10,DGS,0.7181382003419968,0.002527193583514032,0.0006370729891589942,0.0017094084681707421,0.20738240464257005,0.08360779952456965,0.19462757938026906,0.06112347481053794,0.06112347481053794
,HRS_LTG,0.7200304892734284,0.015167432654752669,0.005136733180542306,0.0022741019439882627,0.6103142055175872,0.5823587695103725,0.2867670697897255,0.06128453472181898,0.06128453472181898
,HRS_LTG,0.7249566652395611,0.01437153015569444,0.0024329339556545294,0.0019672797048157237,0.595780308695505,0.3002237436965746,0.25246760108642224,0.06170382030283222,0.06170382030283222
,HRS_LTG,0.7424545996217663,0.008670631214657894,0.004205907230811937,0.0021213370980065274,0.4647475977220891,0.46073620618564326,0.25198724422441926,0.06319313607929115,0.06319313607929115
,HRS_LTG,0.7477952467928757,0.006966500963308298,0.005946620617019617,0.0033098618634715637,0.40920811529149725,0.6260712191282969,0.3639118327782192,0.06364769888165958,0.06364769888165958
,HRS_LTG,0.7628500888279249,0.0055957524367364715,0.0016794610179000921,0.003611773018944204,0.3529088067722907,0.19372224542216956,0.38205062328336425,0.0649290737722694,0.0649290737722694
,HRS_LTG,0.7639413811117095,0.012123121054545672,0.008202522930378708,0.004599726056470477,0.5412558830033162,0.8443665170055618,0.49372974669377234,0.06502195781100606,0.06502195781100606
NGC5740,HIGH,0.7640217493848344,0.0026632269087404617,0.0009648601103396924,0.00144377062675826,0.20582434196083257,0.10755633051467105,0.15534366507040137,0.050715889676190666,0.05510717348572552
,HRS_LTG,0.7648864348814514,0.005458362468635768,0.0018873774632620706,0.003324199792040853,0.3466488630328388,0.21296381489911198,0.3526276055887944,0.06510239493336205,0.06510239493336205
,HRS_LTG,0.7669214736422884,0.011645917649394516,0.008044890125894724,0.004763531840265449,0.5302996934073549,0.8250502167882868,0.5069379104211317,0.06527560482579954,0.06527560482579954
,HRS_LTG,0.7733444403155406,0.00275872188969437,0.0007526116103620992,0.0011620996948109212,0.20962606365495048,0.09019825713847948,0.1295664987039934,0.06582228795931687,0.06582228795931687
,HRS_LTG,0.7749593627438779,0.004489156855110163,0.001459615885470464,0.002574428616284018,0.30103597080618594,0.16565756574486296,0.2726124705797821,0.06595974015211546,0.06595974015211546
,HRS_LTG,0.7835459582407012,0.005576724456210672,0.001696639690612201,0.0034455649190031365,0.34604901942455996,0.19044501787872437,0.3563977793296422,0.06669057796760615,0.06669057796760615
,HRS_LTG,0.7963492263076107,0.015251240053649097,0.005805694694694473,0.002884234285572728,0.5874416257417258,0.592035660689569,0.3192797576566998,0.06778031283034933,0.06778031283034933
NGC5750,HAPLESS,0.8002178929160092,0.008103717479955252,0.0018722821904130606,0.0013691366999851158,0.42952608327462033,0.22135110600699717,0.18169635977974663,0.08829726595582424,0.10151217745911302
IC1011,HIGH,0.8099976752035792,0.004788969627739996,0.0016613975144678548,0.002194472260402946,0.3053520228185273,0.18662842325647186,0.24079032856842517,0.09053357478570541,0.10441004182682455
,HRS_LTG,0.8136866608009785,0.004879936759585014,0.0015911276320312376,0.0031269826348025234,0.30838788346375917,0.17163505347478752,0.31197158414731424,0.06925596785055302,0.06925596785055302
,HRS_LTG,0.8336629844329569,0.007759770190518577,0.0024346390617190263,0.005373738780572077,0.4090001276625007,0.25194253214950646,0.5140633522818397,0.07095622876655068,0.07095622876655068
,HRS_LTG,0.8366909119914939,0.003836426401895859,0.0021482007085617174,0.0018321381467117583,0.25423770393583905,0.2125310466225431,0.18444531640402345,0.07121394720259017,0.07121394720259017
,HRS_LTG,0.8422727546638219,0.008614008700858263,0.0070172825829273675,0.004613265200135616,0.43194059586199607,0.6561965233362668,0.4439881254144231,0.07168903907183756,0.07168903907183756
,HRS_LTG,0.8485605948108924,0.004240048190319285,0.001410095736297838,0.0021316170449694038,0.2708744147652685,0.14660535272396572,0.2098238279777969,0.07222422107254316,0.07222422107254316
,HRS_LTG,0.85988840481048,0.011538629030190328,0.003344200798745523,0.006842490576494768,0.4994185018706716,0.3316605865774484,0.6341369228106073,0.07318837408492798,0.07318837408492798
,HRS_LTG,0.86837231840878,0.004793362549318053,0.0015291408827722659,0.0031892424367148606,0.2909835009615316,0.15569070669486348,0.297827463258703,0.07391047225332163,0.07391047225332163
,HRS_LTG,0.8788059996311224,0.0020230459204991923,0.00037609701351595023,0.0004655079182559782,0.14614230127395084,0.04425758525885703,0.051821997555575074,0.07479852256323596,0.07479852256323596
,HRS_LTG,0.8904984848686944,0.004496855775819818,0.0014132380403422237,0.0029718307865955673,0.27296584250448663,0.14122714132931324,0.27135706692627926,0.07579371447274721,0.07579371447274721
,HRS_LTG,0.8924580571879084,0.005204290015964584,0.00298216545587638,0.001434277160595938,0.3024369545448704,0.2741816261092473,0.14522920006248183,0.07596050112918167,0.07596050112918167
,HRS_LTG,0.900990221770931,0.003175021350788882,0.0008410664767774015,0.0012987898607682807,0.2076081081917508,0.08707486900309007,0.12484606511745404,0.07668670612248434,0.07668670612248434
,HRS_LTG,0.9144987742438435,0.003545318453552185,0.0010296276082130123,0.0020068364461512038,0.22374536422670696,0.10275332302313919,0.18220114103556692,0.07783647042469201,0.07783647042469201
,HRS_LTG,0.9146213032222897,0.0020160717812897156,0.00037918001398278716,0.0005580322950132343,0.14080947324121168,0.04280832225474089,0.057347200056963574,0.07784689933228119,0.07784689933228119
,HRS_LTG,0.9255395146532887,0.006707155569106949,0.00509975258651566,0.0026700082775772934,0.35013958560572905,0.4394695386959842,0.24428593860816813,0.07877618985193462,0.07877618985193462
,HRS_LTG,0.9318962253561396,0.011578313658445529,0.009502499654296606,0.004747370854067885,0.48018252378359516,0.7990077432414313,0.4196294765217832,0.07931723368770126,0.07931723368770126
,HRS_LTG,0.940272584419528,0.007445613668943142,0.005612840053826987,0.0029969889221029447,0.3705708707578587,0.47536043071735085,0.2685192697462473,0.08003017748037405,0.08003017748037405
,HRS_LTG,0.948368053821852,0.008530847807480858,0.006679490988163529,0.004600472525532693,0.400765209540215,0.5577643413878209,0.3947750222414134,0.08071921368518362,0.08071921368518362
,HRS_LTG,0.9504925827095269,0.008982716861978372,0.007862014571668404,0.0037709920866381835,0.4126789187402202,0.6501072726173229,0.3300992619754906,0.08090004042283415,0.08090004042283415
,HRS_LTG,0.9518292894845737,0.005295941223714795,0.0017896367471362023,0.002613348913672835,0.2926250418077644,0.16469882388416265,0.22904076097259815,0.08101381262274601,0.08101381262274601
,HRS_LTG,0.9518669632829903,0.005994474021263938,0.004535102027479432,0.0031796716562879175,0.31890445375631843,0.3813757690163833,0.2755043645353178,0.08101701918308137,0.08101701918308137
,HRS_LTG,0.9535070808067985,0.0031767847364574412,0.0008264882846636032,0.0012585250624655223,0.1985309924476528,0.0813429162117302,0.11503086060506594,0.08115661582632508,0.08115661582632508
,HRS_LTG,0.9770984252597038,0.0065916708534835755,0.001772167117214237,0.0040853575967593515,0.33403210418736046,0.1632786088455791,0.3392940621764965,0.08316456491986608,0.08316456491986608
,HRS_LTG,1.0271241786532723,0.007551963764806883,0.001985388953186429,0.00524466233567098,0.3534441016591669,0.17379739819266773,0.40972326147705185,0.08742244714361325,0.08742244714361325
,HRS_LTG,1.0401343554994982,0.004251433839436928,0.001404584203812635,0.0030135291530436472,0.23306713933944143,0.12023777238104748,0.23524614525291637,0.08852979279987024,0.08852979279987024
,HRS_LTG,1.0584472680288368,0.015578998704493845,0.005734426996876355,0.0025612441613591785,0.5225201709577696,0.4472820791002952,0.22438540629083176,0.0900884744674957,0.0900884744674957
,HRS_LTG,1.0684373610726627,0.010931634094858297,0.007392203473398862,0.003591655604638432,0.4320442541278486,0.5511748282209108,0.28670577736888797,0.09093876929964421,0.09093876929964421
,HRS_LTG,1.0797870385136026,0.015129723171115612,0.002819199602269248,0.0019304239936144575,0.5102281453939836,0.23754529040502498,0.17634806489038526,0.09190478353317007,0.09190478353317007
,HRS_LTG,1.0853021498363695,0.013461087519507973,0.005259486922932403,0.0025811191900031987,0.47975247452298403,0.40113867730587716,0.21765507556445973,0.09237419564333761,0.09237419564333761
,HRS_LTG,1.1557905397424229,0.006087585088993012,0.0016043433259235896,0.0037629837262973037,0.2814031404113176,0.12715514046282864,0.26601569049010904,0.09837373072280589,0.09837373072280589
,HRS_LTG,1.1716775924191494,0.008141974723647161,0.0029249353680782506,0.0013913412186319454,0.3406535986952128,0.2145976973351229,0.11728264190943259,0.09972593822776403,0.09972593822776403
,HRS_LTG,1.3215912627464785,0.030953885023711724,0.006536712817345297,0.0030917925066733585,0.6352213752120036,0.42180533803438575,0.2280026765315375,0.1124856611441108,0.1124856611441108
,HRS_LTG,1.3467717403083004,0.006820599778534727,0.003722443931208977,0.0017720446407983104,0.2735386964867019,0.22878194746786282,0.12110883901253547,0.11462886740334385,0.11462886740334385
,HRS_LTG,1.448806291260668,0.008014460503988413,0.005648755153299787,0.003519070684749343,0.29142533558791756,0.3146855809903488,0.20539501976387095,0.12331341628539957,0.12331341628539957
,HRS_LTG,1.6712120746527337,0.006609570970530908,0.0019446756685188586,0.004469891302444149,0.2272316198993849,0.10585593011790519,0.21819856880339406,0.14224321878359414,0.14224321878359414
,HRS_LTG,1.6866522709192202,0.0018437971141616492,0.0005552727965588486,0.0011562677606620658,0.07516722276216686,0.030874789191586868,0.057367292254721716,0.14355739263914855,0.14355739263914855
,HRS_LTG,1.8796169910294882,0.008925952453013954,0.007027856926204171,0.004135337546724941,0.26094087130850974,0.30020100916252507,0.18578557029299803,0.15998135421557705,0.15998135421557705
