curve,OH_over_solar,DTG,DTM,DTG_low,DTG_high,DTM_low,DTM_high
remy_ruyer14,0.0012761659757919428,1.170340410435064e-10,6.818404389419043e-06,,,,
remy_ruyer14,0.001326092528840983,1.318192594922714e-10,7.390652028371643e-06,,,,
remy_ruyer14,0.0013779723236678448,1.4847233350364277e-10,8.01092664571736e-06,,,,
remy_ruyer14,0.001431881775590835,1.672292341872072e-10,8.68325899754269e-06,,,,
remy_ruyer14,0.001487900289471538,1.883557435039129e-10,9.412018128853298e-06,,,,
remy_ruyer14,0.0015461103766726825,2.1215122034940307e-10,1.0201939765119625e-05,,,,
remy_ruyer14,0.0016065977765915755,2.389528424165374e-10,1.105815708663623e-05,,,,
remy_ruyer14,0.0016694515829483016,2.6914038394360875e-10,1.1986234085679363e-05,,,,
remy_ruyer14,0.0017347643750145125,3.031415970480206e-10,1.2992201723226253e-05,,,,
remy_ruyer14,0.0018026323539762537,3.414382728980468e-10,1.4082597120197483e-05,,,,
remy_ruyer14,0.0018731554846316226,3.8457306860838217e-10,1.526450603789961e-05,,,,
remy_ruyer14,0.0019464376426318903,4.3315719659532136e-10,1.654560892371856e-05,,,,
remy_ruyer14,0.0020225867674831493,4.878790853484896e-10,1.7934230821288025e-05,,,,
remy_ruyer14,0.002101715021533613,5.495141343405901e-10,1.9439395469462534e-05,,,,
remy_ruyer14,0.0021839389551809945,6.189357013006623e-10,2.1070883941652377e-05,,,,
remy_ruyer14,0.0022693796785430423,6.971274775383698e-10,2.2839298206574017e-05,,,,
remy_ruyer14,0.0023581630398443664,7.851974266757298e-10,2.475613002346189e-05,,,,
remy_ruyer14,0.0024504198107820185,8.843934842953441e-10,2.683383561943872e-05,,,,
remy_ruyer14,0.002546285879143155,9.96121240966672e-10,2.9085916634330597e-05,,,,
remy_ruyer14,0.002645902448958189,1.1219638592154088e-09,3.15270078589277e-05,,,,
remy_ruyer14,0.0027494162484845547,1.2637045066562044e-09,3.417297233684989e-05,,,,
remy_ruyer14,0.002856979746327112,1.4233516231618462e-09,3.704100444801351e-05,,,,
remy_ruyer14,0.0029687513760138515,1.60316738010071e-09,4.014974164358114e-05,,,,
remy_ruyer14,0.0030848957693573355,1.8056997349042942e-09,4.3519385558475346e-05,,,,
remy_ruyer14,0.0032055839989459673,2.033818535172948e-09,4.717183328849732e-05,,,,
remy_ruyer14,0.0033309938301218944,2.2907561839079925e-09,5.11308196851238e-05,,,,
remy_ruyer14,0.0034613099828169893,2.580153442089853e-09,5.5422071592670423e-05,,,,
remy_ruyer14,0.003596724403632467,2.9061110176165337e-09,6.007347503010572e-05,,,,
remy_ruyer14,0.003737436548562736,3.273247671608048e-09,6.511525640391208e-05,,,,
remy_ruyer14,0.0038836536767802806,3.686765665433842e-09,7.058017892959214e-05,,,,
remy_ruyer14,0.0040355911559138416,4.152524475834795e-09,7.650375553821689e-05,,,,
remy_ruyer14,0.004193472779270032,4.677123822671306e-09,8.292447965157237e-05,,,,
remy_ruyer14,0.004357531095465137,5.267997185784532e-09,8.98840753255422e-05,,,,
remy_ruyer14,0.00452800775095313,5.933517136089838e-09,9.74277683872648e-05,,,,
remy_ruyer14,0.0047051538459539095,6.683113973423319e-09,0.0001056045803279801,,,,
remy_ruyer14,0.004889230304306542,7.52740935222106e-09,0.00011446764686141228,,,,
remy_ruyer14,0.005080508257791728,8.478366788480824e-09,0.00012407456321775906,,,,
remy_ruyer14,0.005279269445490152,9.549461180665775e-09,0.00013448775841715487,,,,
remy_ruyer14,0.005485806628764354,1.0755869746628698e-08,0.00014577490095473615,,,,
remy_ruyer14,0.005700424022475846,1.2114687082101487e-08,0.0001580093385336132,,,,
remy_ruyer14,0.005923437743072454,1.3645167388089694e-08,0.00017127057470327177,,,,
remy_ruyer14,0.00615517627420563,1.5368997299489975e-08,0.00018564478550075428,,,,
remy_ruyer14,0.0063959809505641394,1.7310603180867396e-08,0.00020122537945196174,,,,
remy_ruyer14,0.006646206460636049,1.949749724371394e-08,0.00021811360457210977,,,,
remy_ruyer14,0.006906221369140331,2.1960667389614827e-08,0.00023641920630988904,,,,
remy_ruyer14,0.007176408659896761,2.4735016303324316e-08,0.0002562611407108188,,,,
remy_ruyer14,0.007457166299934596,2.785985601762986e-08,0.00027776834743423244,,,,
remy_ruyer14,0.007748907825670004,3.137946495789218e-08,0.0003010805876471559,,,,
remy_ruyer14,0.008052062952016601,3.534371535949391e-08,0.000326349352240073,,,,
remy_ruyer14,0.008367078205325286,3.9808779948580195e-08,0.0003537388462663997,,,,
remy_ruyer14,0.00869441758108666,4.4837927899643203e-08,0.0003834270560029613,,,,
remy_ruyer14,0.00903456322736375,5.050242134851654e-08,0.00041560690556552264,,,,
remy_ruyer14,0.00938801615496274,5.688252516422444e-08,0.00045048751059554063,,,,
remy_ruyer14,0.009755296975386647,6.406864428795611e-08,0.0004882955371649168,,,,
remy_ruyer14,0.01013694666766005,7.216260475507791e-08,0.0005292766747294965,,,,
remy_ruyer14,0.010533527375153172,8.127909655201645e-08,0.0005736972327029488,,,,
remy_ruyer14,0.010945623233579962,9.154729875305779e-08,0.0006218458710262093,,,,
remy_ruyer14,0.011373841231389386,1.0311270996495589e-07,0.0006740354759782694,,,,
remy_ruyer14,0.011818812103816752,1.1613921001641604e-07,0.0007306051934179342,,,,
remy_ruyer14,0.012281191261913068,1.3081138210625592e-07,0.0007919226326693696,,,,
remy_ruyer14,0.012761659757919428,1.4733712831463193e-07,0.0008583862553728534,,,,
remy_ruyer14,0.013260925288409829,1.6595061553871016e-07,0.000930427964824518,,,,
remy_ruyer14,0.013779723236678447,1.8691559359611504e-07,0.0010085159126312629,,,,
remy_ruyer14,0.014318817755908349,2.105291325131537e-07,0.0010931575409196873,,,,
remy_ruyer14,0.014879002894715379,2.3712583195445988e-07,0.0011849028798680797,,,,
remy_ruyer14,0.015461103766726825,2.670825624410066e-07,0.0012843481219902476,,,,
remy_ruyer14,0.016065977765915788,3.008238055386283e-07,0.001392139496397818,,,,
remy_ruyer14,0.016694515829483017,3.3882766868664835e-07,0.0015089774682175193,,,,
remy_ruyer14,0.01734764375014509,3.8163265989561894e-07,0.001635621290452545,,,,
remy_ruyer14,0.018026323539762537,4.2984531831046416e-07,0.0017728939378676028,,,,
remy_ruyer14,0.018731554846316226,4.841488087627557e-07,0.0019216874549597386,,,,
remy_ruyer14,0.019464376426318902,5.453126020953715e-07,0.002082968752767762,,,,
remy_ruyer14,0.020225867674831494,6.14203378428107e-07,0.0022577858921901607,,,,
remy_ruyer14,0.021017150215336133,6.917973078614436e-07,0.002447274894642282,,,,
remy_ruyer14,0.021839389551809946,7.79193882634049e-07,0.0026526671243111855,,,,
remy_ruyer14,0.022693796785430424,8.776314967330241e-07,0.0028752972899801074,,,,
remy_ruyer14,0.023581630398443663,9.88504993717467e-07,0.0031166121184216813,,,,
remy_ruyer14,0.024504198107820185,1.1133854314045935e-06,0.003378179755721886,,,,
remy_ruyer14,0.025462858791431554,1.2540423434808832e-06,0.0036616999576285425,,,,
remy_ruyer14,0.02645902448958189,1.4124688134809333e-06,0.0039690151351438555,,,,
remy_ruyer14,0.027494162484845545,1.590909716428309e-06,0.004302122327139948,,,,
remy_ruyer14,0.02856979746327118,1.7918935283169368e-06,0.004663186177798524,,,,
remy_ruyer14,0.029687513760138517,2.0182681541682607e-06,0.005054553003207476,,,,
remy_ruyer14,0.030848957693573417,2.273241282341019e-06,0.005478766038523288,,,,
remy_ruyer14,0.03205583998945967,2.560425836907211e-06,0.005938581964780725,,,,
remy_ruyer14,0.033309938301218874,2.8838911721463844e-06,0.006436988822746748,,,,
remy_ruyer14,0.034613099828169895,3.2482207345751097e-06,0.006977225430228851,,,,
remy_ruyer14,0.03596724403632467,3.6585770095724655e-06,0.007562802429018256,,,,
remy_ruyer14,0.03737436548562736,4.1207746728834656e-06,0.008197525098237788,,,,
remy_ruyer14,0.038836536767802805,4.641362983544892e-06,0.00888551808234427,,,,
remy_ruyer14,0.04035591155913842,5.227718585725673e-06,0.009631252194474992,,,,
remy_ruyer14,0.04193472779270033,5.888150034468778e-06,0.010439573469317268,,,,
remy_ruyer14,0.043575310954651364,6.632015526444314e-06,0.011315734654294632,,,,
remy_ruyer14,0.0452800775095313,7.469855503939656e-06,0.012265429343712423,,,,
remy_ruyer14,0.04705153845953919,8.413542011059367e-06,0.013294828977675328,,,,
remy_ruyer14,0.048892303043065424,9.476446918488174e-06,0.014410622946211293,,,,
remy_ruyer14,0.05080508257791739,1.0673631400530268e-05,0.015620062059209922,,,,
remy_ruyer14,0.05279269445490153,1.2022059349282065e-05,0.016931005664659105,,,,
remy_ruyer14,0.05485806628764343,1.3540837749978891e-05,0.018351972721369465,,,,
remy_ruyer14,0.05700424022475845,1.5251487423592111e-05,0.01989219715807532,,,,
remy_ruyer14,0.05923437743072442,1.717824797305104e-05,0.0215616878786539,,,,
remy_ruyer14,0.0615517627420563,1.9348421254123884e-05,0.02337129380339772,,,,
remy_ruyer14,0.0639598095056414,2.179275823787889e-05,0.025332774368999826,,,,
remy_ruyer14,0.06646206460636049,2.4545894746498192e-05,0.027458875945385323,,,,
remy_ruyer14,0.0690622136914033,2.7646842236745562e-05,0.0297634146659727,,,,
remy_ruyer14,0.07176408659896762,3.113954058539804e-05,0.03226136620962109,,,,
remy_ruyer14,0.07457166299934595,3.507348070952092e-05,0.03496896311770268,,,,
remy_ruyer14,0.07748907825670004,3.950440584399502e-05,0.037903800278692536,,,,
remy_ruyer14,0.08052062952016602,4.449510141328676e-05,0.04108494926575941,,,,
remy_ruyer14,0.08367078205325286,5.0116284689789666e-05,0.04453308227035205,,,,
remy_ruyer14,0.08694417581086661,5.644760684505545e-05,0.048270606437155285,,,,
remy_ruyer14,0.09034563227363769,6.35787815927842e-05,0.05232180947335779,,,,
remy_ruyer14,0.09388016154962739,7.161085641626341e-05,0.0567130174784621,,,,
remy_ruyer14,0.09755296975386667,8.06576443933096e-05,0.0614727660202599,,,,
remy_ruyer14,0.1013694666766005,9.084733690742612e-05,0.06663198556868784,,,,
remy_ruyer14,0.10533527375153172,0.00010232432009700532,0.07222420249257348,,,,
remy_ruyer14,0.10945623233579962,0.00011525122078133695,0.07828575692541732,,,,
remy_ruyer14,0.11373841231389387,0.00012981121085384466,0.08485603891598203,,,,
remy_ruyer14,0.11818812103816752,0.00014621060279536603,0.09197774439826313,,,,
remy_ruyer14,0.12281191261913069,0.0001646817730854824,0.0996971526442407,,,,
remy_ruyer14,0.12761659757919427,0.0001854864549360681,0.1080644270023723,,,,
remy_ruyer14,0.1326092528840983,0.00020891944700456605,0.11713394087615142,,,,
remy_ruyer14,0.13779723236678448,0.00023531279063874035,0.12696463106102832,,,,
remy_ruyer14,0.1431881775590835,0.0002650404748437909,0.13762038073582167,,,,
remy_ruyer14,0.1487900289471538,0.00029852373564030266,0.14917043459740154,,,,
remy_ruyer14,0.15461103766726825,0.00033623702490408604,0.161689848836364,,,,
remy_ruyer14,0.1606597776591579,0.0003787147332652062,0.17525997887775477,,,,
remy_ruyer14,0.16694515829483017,0.0004265587623285965,0.18996900805638609,,,,
remy_ruyer14,0.1734764375014509,0.000480447053513195,0.2059125206622276,,,,
remy_ruyer14,0.18026323539762537,0.0005411431943617961,0.2231941230797355,,,,
remy_ruyer14,0.18731554846316226,0.0006095072384413078,0.24192611705748746,,,,
remy_ruyer14,0.19464376426318902,0.0006865078921494639,0.2622302294832536,,,,
remy_ruyer14,0.20225867674831494,0.0007732362411129744,0.2842384034068563,,,,
remy_ruyer14,0.21017150215336133,0.0008709212106775643,0.3080936554511062,,,,
remy_ruyer14,0.21839389551809946,0.0009809469795625664,0.333951005182631,,,,
remy_ruyer14,0.22693796785430423,0.0011048725934281552,0.3619784824818864,,,,
remy_ruyer14,0.23581630398443665,0.0012444540562763541,0.3923582194586711,,,,
remy_ruyer14,0.24504198107820185,0.0014016692127166532,0.4252876340086891,,,,
remy_ruyer14,0.25462858791431553,0.0015787457736739922,0.4609807127024194,,,,
remy_ruyer14,0.2645902448958189,0.0016314502254406748,0.4584349456219199,,,,
remy_ruyer14,0.27494162484845547,0.0016952763168523234,0.4584349456219199,,,,
remy_ruyer14,0.28569797463271124,0.0017615994320047826,0.4584349456219198,,,,
remy_ruyer14,0.2968751376013852,0.0018305172602195387,0.4584349456219198,,,,
remy_ruyer14,0.3084895769357348,0.0019021313126493726,0.4584349456219199,,,,
remy_ruyer14,0.3205583998945967,0.001976547071797226,0.4584349456219198,,,,
remy_ruyer14,0.33309938301218806,0.0020538741468845868,0.4584349456219199,,,,
remy_ruyer14,0.34613099828169896,0.0021342264352982084,0.4584349456219198,,,,
remy_ruyer14,0.3596724403632467,0.0022177222903529996,0.4584349456219199,,,,
remy_ruyer14,0.3737436548562736,0.0023044846956182118,0.4584349456219199,,,,
remy_ruyer14,0.38836536767802804,0.0023946414460636893,0.4584349456219199,,,,
remy_ruyer14,0.4035591155913842,0.0024883253362928764,0.4584349456219198,,,,
remy_ruyer14,0.41934727792700327,0.0025856743561400806,0.4584349456219198,,,,
remy_ruyer14,0.4357531095465137,0.0026868318939197926,0.4584349456219198,,,,
remy_ruyer14,0.452800775095313,0.002791946947627751,0.4584349456219198,,,,
remy_ruyer14,0.47051538459539094,0.002901174344404511,0.4584349456219199,,,,
remy_ruyer14,0.4889230304306542,0.0030146749685851077,0.4584349456219199,,,,
remy_ruyer14,0.5080508257791728,0.0031326159986703665,0.4584349456219199,,,,
remy_ruyer14,0.5279269445490152,0.0032551711535692665,0.4584349456219199,,,,
remy_ruyer14,0.5485806628764331,0.003382520948474674,0.4584349456219198,,,,
remy_ruyer14,0.5700424022475845,0.0035148529607497317,0.4584349456219199,,,,
remy_ruyer14,0.5923437743072429,0.003652362106216119,0.4584349456219199,,,,
remy_ruyer14,0.615517627420563,0.0037952509262515715,0.4584349456219198,,,,
remy_ruyer14,0.639598095056414,0.0039437298861191,0.4584349456219198,,,,
remy_ruyer14,0.6646206460636049,0.0040980176849676805,0.45843494562191994,,,,
remy_ruyer14,0.6906221369140331,0.004258341577960891,0.4584349456219199,,,,
remy_ruyer14,0.7176408659896761,0.004424937711007801,0.4584349456219199,,,,
remy_ruyer14,0.7457166299934596,0.004598051468589554,0.4584349456219198,,,,
remy_ruyer14,0.7748907825670004,0.00477793783519345,0.4584349456219199,,,,
remy_ruyer14,0.8052062952016602,0.004964861770887449,0.4584349456219199,,,,
remy_ruyer14,0.836707820532532,0.005159098601587734,0.45843494562191994,,,,
remy_ruyer14,0.8694417581086661,0.005360934424594633,0.4584349456219199,,,,
remy_ruyer14,0.903456322736375,0.005570666529994031,0.4584349456219199,,,,
remy_ruyer14,0.938801615496274,0.005788603838544876,0.4584349456219199,,,,
remy_ruyer14,0.9755296975386687,0.006015067356697866,0.4584349456219199,,,,
remy_ruyer14,1.013694666766005,0.006250390649415594,0.4584349456219199,,,,
remy_ruyer14,1.053352737515317,0.006494920331490544,0.4584349456219199,,,,
remy_ruyer14,1.0945623233579962,0.00674901657808432,0.4584349456219199,,,,
remy_ruyer14,1.1373841231389386,0.007013053655240742,0.4584349456219199,,,,
remy_ruyer14,1.1818812103816752,0.007287420471153399,0.4584349456219199,,,,
remy_ruyer14,1.228119126191307,0.007572521149000508,0.4584349456219199,,,,
remy_ruyer14,1.2761659757919428,0.007868775622189933,0.4584349456219199,,,,
remy_ruyer14,1.326092528840983,0.008176620252892036,0.4584349456219199,,,,
remy_ruyer14,1.3779723236678447,0.008496508474770457,0.4584349456219199,,,,
remy_ruyer14,1.431881775590835,0.008828911460858534,0.4584349456219199,,,,
remy_ruyer14,1.4879002894715379,0.009174318817564028,0.4584349456219199,,,,
remy_ruyer14,1.5461103766726825,0.009533239305825496,0.4584349456219199,,,,
remy_ruyer14,1.6065977765915755,0.009906201590481358,0.45843494562191994,,,,
remy_ruyer14,1.6694515829483016,0.010293755018956624,0.4584349456219199,,,,
remy_ruyer14,1.7347643750145125,0.010696470430413064,0.4584349456219199,,,,
remy_ruyer14,1.8026323539762537,0.011114940996555562,0.4584349456219199,,,,
remy_ruyer14,1.873155484631615,0.011549783095332762,0.4584349456219198,,,,
remy_ruyer14,1.9464376426318903,0.012001637218818695,0.4584349456219199,,,,
remy_ruyer14,2.0225867674831495,0.012471168916612818,0.4584349456219199,,,,
remy_ruyer14,2.101715021533613,0.012959069776148234,0.45843494562191994,,,,
remy_ruyer14,2.183938955180986,0.013466058441351833,0.4584349456219198,,,,
remy_ruyer14,2.2693796785430425,0.013992881671156572,0.4584349456219199,,,,
remy_ruyer14,2.3581630398443663,0.014540315439425156,0.4584349456219199,,,,
remy_ruyer14,2.4504198107820185,0.015109166077905516,0.4584349456219199,,,,
remy_ruyer14,2.5462858791431553,0.015700271463901398,0.4584349456219199,,,,
remy_ruyer14,2.645902448958189,0.016314502254406747,0.4584349456219199,,,,
remy_ruyer14,2.749416248484555,0.016952763168523233,0.4584349456219198,,,,
remy_ruyer14,2.856979746327112,0.017615994320047828,0.4584349456219199,,,,
remy_ruyer14,2.9687513760138518,0.01830517260219539,0.4584349456219199,,,,
remy_ruyer14,3.084895769357348,0.019021313126493727,0.4584349456219199,,,,
remy_ruyer14,3.205583998945967,0.019765470717972262,0.4584349456219199,,,,
remy_ruyer14,3.330993830121894,0.02053874146884595,0.4584349456219199,,,,
remy_ruyer14,3.4613099828169895,0.021342264352982084,0.4584349456219198,,,,
remy_ruyer14,3.5967244036324666,0.022177222903529994,0.4584349456219199,,,,
remy_ruyer14,3.737436548562736,0.023044846956182117,0.4584349456219199,,,,
remy_ruyer14,3.8836536767802805,0.023946414460636892,0.4584349456219199,,,,
remy_ruyer14,4.035591155913842,0.024883253362928764,0.4584349456219199,,,,
remy_ruyer14,4.193472779270032,0.02585674356140081,0.45843494562191994,,,,
remy_ruyer14,4.357531095465137,0.026868318939197926,0.4584349456219199,,,,
remy_ruyer14,4.5280077509531305,0.027919469476277513,0.4584349456219199,,,,
remy_ruyer14,4.705153845953928,0.029011743444045227,0.4584349456219199,,,,
remy_ruyer14,4.889230304306542,0.030146749685851078,0.4584349456219199,,,,
remy_ruyer14,5.080508257791728,0.03132615998670366,0.4584349456219198,,,,
remy_ruyer14,5.2792694454901525,0.03255171153569267,0.4584349456219199,,,,
remy_ruyer14,5.485806628764354,0.03382520948474688,0.4584349456219199,,,,
remy_ruyer14,5.700424022475845,0.03514852960749732,0.45843494562191994,,,,
remy_ruyer14,5.92343774307243,0.03652362106216119,0.4584349456219199,,,,
remy_ruyer14,6.15517627420563,0.03795250926251571,0.4584349456219199,,,,
remy_ruyer14,6.395980950564139,0.039437298861191,0.4584349456219199,,,,
remy_ruyer14,6.64620646063605,0.0409801768496768,0.4584349456219199,,,,
remy_ruyer14,6.90622136914033,0.042583415779608905,0.4584349456219199,,,,
remy_ruyer14,7.176408659896761,0.044249377110078,0.4584349456219199,,,,
remy_ruyer14,7.457166299934595,0.04598051468589554,0.4584349456219199,,,,
remy_ruyer14,7.748907825670004,0.04777937835193451,0.4584349456219199,,,,
remy_ruyer14,8.052062952016602,0.049648617708874486,0.4584349456219199,,,,
remy_ruyer14,8.367078205325287,0.051590986015877124,0.4584349456219199,,,,
remy_ruyer14,8.694417581086661,0.053609344245946336,0.4584349456219199,,,,
remy_ruyer14,9.03456322736375,0.055706665299940304,0.45843494562191994,,,,
remy_ruyer14,9.38801615496274,0.05788603838544876,0.4584349456219199,,,,
remy_ruyer14,9.755296975386647,0.06015067356697842,0.4584349456219199,,,,
remy_ruyer14,10.13694666766005,0.06250390649415594,0.4584349456219198,,,,
remy_ruyer14,10.53352737515313,0.06494920331490517,0.4584349456219198,,,,
remy_ruyer14,10.945623233579962,0.0674901657808432,0.4584349456219199,,,,
remy_ruyer14,11.373841231389386,0.07013053655240742,0.4584349456219199,,,,
remy_ruyer14,11.818812103816752,0.07287420471153398,0.4584349456219198,,,,
remy_ruyer14,12.281191261913069,0.07572521149000508,0.4584349456219199,,,,
remy_ruyer14,12.761659757919428,0.07868775622189933,0.4584349456219199,,,,
remy_ruyer14,13.26092528840983,0.08176620252892035,0.4584349456219198,,,,
remy_ruyer14,13.779723236678448,0.08496508474770458,0.4584349456219199,,,,
remy_ruyer14,14.31881775590835,0.08828911460858534,0.4584349456219199,,,,
remy_ruyer14,14.879002894715379,0.09174318817564028,0.4584349456219199,,,,
remy_ruyer14,15.461103766726826,0.09533239305825497,0.4584349456219199,,,,
remy_ruyer14,16.065977765915758,0.09906201590481357,0.4584349456219198,,,,
remy_ruyer14,16.694515829483016,0.10293755018956625,0.4584349456219199,,,,
remy_ruyer14,17.347643750145053,0.1069647043041302,0.4584349456219199,,,,
remy_ruyer14,18.026323539762537,0.11114940996555563,0.4584349456219199,,,,
remy_ruyer14,18.731554846316225,0.11549783095332809,0.4584349456219199,,,,
remy_ruyer14,19.464376426318903,0.12001637218818695,0.4584349456219199,,,,
remy_ruyer14,20.225867674831495,0.12471168916612818,0.4584349456219199,,,,
remy_ruyer14,21.017150215336134,0.12959069776148233,0.4584349456219198,,,,
remy_ruyer14,21.839389551809944,0.13466058441351889,0.4584349456219199,,,,
remy_ruyer14,22.693796785430425,0.1399288167115657,0.4584349456219198,,,,
remy_ruyer14,23.581630398443664,0.14540315439425155,0.4584349456219198,,,,
remy_ruyer14,24.504198107820184,0.15109166077905517,0.45843494562191994,,,,
remy_ruyer14,25.462858791431554,0.15700271463901397,0.4584349456219198,,,,
remy_ruyer14,26.45902448958189,0.1631450225440675,0.4584349456219199,,,,
remy_ruyer14,27.494162484845546,0.16952763168523233,0.4584349456219198,,,,
remy_ruyer14,28.569797463271122,0.17615994320047826,0.4584349456219198,,,,
remy_ruyer14,29.687513760138515,0.18305172602195388,0.45843494562191994,,,,
remy_ruyer14,30.84895769357348,0.19021313126493727,0.4584349456219199,,,,
remy_ruyer14,32.05583998945967,0.19765470717972264,0.45843494562191994,,,,
remy_ruyer14,33.30993830121881,0.20538741468845867,0.4584349456219198,,,,
remy_ruyer14,34.613099828169894,0.21342264352982085,0.4584349456219199,,,,
remy_ruyer14,35.967244036324665,0.22177222903529994,0.45843494562191994,,,,
remy_ruyer14,37.37436548562736,0.23044846956182116,0.4584349456219198,,,,
remy_ruyer14,38.836536767802805,0.23946414460636892,0.4584349456219198,,,,
remy_ruyer14,40.35591155913842,0.24883253362928764,0.4584349456219199,,,,
remy_ruyer14,41.93472779270033,0.2585674356140081,0.4584349456219198,,,,
remy_ruyer14,43.575310954651364,0.26868318939197927,0.45843494562191994,,,,
remy_ruyer14,45.2800775095313,0.2791946947627751,0.4584349456219198,,,,
remy_ruyer14,47.05153845953909,0.29011743444045107,0.4584349456219199,,,,
remy_ruyer14,48.892303043065425,0.30146749685851076,0.4584349456219198,,,,
remy_ruyer14,50.80508257791749,0.31326159986703794,0.45843494562191994,,,,
remy_ruyer14,52.79269445490152,0.3255171153569267,0.4584349456219199,,,,
remy_ruyer14,54.85806628764331,0.33825209484746743,0.4584349456219199,,,,
remy_ruyer14,57.004240224758455,0.3514852960749732,0.4584349456219199,,,,
remy_ruyer14,59.23437743072454,0.3652362106216134,0.4584349456219199,,,,
remy_ruyer14,61.5517627420563,0.37952509262515716,0.4584349456219199,,,,
remy_ruyer14,63.95980950564113,0.39437298861190845,0.4584349456219199,,,,
remy_ruyer14,66.4620646063605,0.409801768496768,0.4584349456219199,,,,
remy_ruyer14,69.0622136914033,0.425834157796089,0.4584349456219199,,,,
remy_ruyer14,71.76408659896761,0.44249377110078003,0.4584349456219199,,,,
remy_ruyer14,74.57166299934596,0.45980514685895546,0.4584349456219199,,,,
remy_ruyer14,77.48907825670004,0.47779378351934504,0.4584349456219199,,,,
remy_ruyer14,80.52062952016601,0.4964861770887449,0.45843494562191994,,,,
remy_ruyer14,83.67078205325286,0.5159098601587713,0.45843494562191994,,,,
remy_ruyer14,86.94417581086661,0.5360934424594633,0.4584349456219199,,,,
remy_ruyer14,90.3456322736375,0.5570666529994031,0.4584349456219199,,,,
remy_ruyer14,93.88016154962739,0.5788603838544876,0.45843494562191994,,,,
remy_ruyer14,97.55296975386688,0.6015067356697866,0.4584349456219199,,,,
remy_ruyer14,101.3694666766005,0.6250390649415595,0.4584349456219199,,,,
remy_ruyer14,105.33527375153129,0.6494920331490518,0.4584349456219199,,,,
remy_ruyer14,109.45623233579963,0.674901657808432,0.4584349456219199,,,,
remy_ruyer14,113.73841231389386,0.7013053655240742,0.4584349456219199,,,,
remy_ruyer14,118.18812103816751,0.7287420471153399,0.4584349456219199,,,,
remy_ruyer14,122.81191261913068,0.7572521149000507,0.4584349456219199,,,,
remy_ruyer14_band,0.001,,,7.572922981117446e-14,1.7744773767073912e-08,5.630426008265759e-09,0.0013193140347266849
remy_ruyer14_band,0.001034347970528327,,,8.702123806670363e-14,1.9168628181770913e-08,6.255129520968383e-09,0.0013778504498448312
remy_ruyer14_band,0.0010698757241360691,,,9.977238828543783e-14,2.0766216214047586e-08,6.93353561214004e-09,0.0014431177014383825
remy_ruyer14_band,0.0011066237839776677,,,1.1449923087500723e-13,2.239426089299112e-08,7.692726373368659e-09,0.0015045771056023285
remy_ruyer14_band,0.0011446340650956785,,,1.3098428927060082e-13,2.4097577239056123e-08,8.508054377089175e-09,0.0015652525859985948
remy_ruyer14_band,0.0011839499222293017,,,1.4984574163177385e-13,2.5880875844651906e-08,9.409981895382617e-09,0.0016252618892119313
remy_ruyer14_band,0.001224616199265049,,,1.7159066028800583e-13,2.7930656967949786e-08,1.0417688348027244e-08,0.0016957384461332213
remy_ruyer14_band,0.001266679280385917,,,1.9541543219531325e-13,3.0201095155948395e-08,1.1470171369331855e-08,0.0017726938609126611
remy_ruyer14_band,0.0013101871429774523,,,2.2375699050558966e-13,3.276850959222384e-08,1.269758107588211e-08,0.0018595209309122734
remy_ruyer14_band,0.001355189412351035,,,2.5706995540583064e-13,3.5504210192860156e-08,1.4103569333313154e-08,0.001947859248230801
remy_ruyer14_band,0.0014017374183467695,,,2.9537770654083975e-13,3.825308230968435e-08,1.56671053259422e-08,0.0020289786815881382
remy_ruyer14_band,0.0014498842538805976,,,3.3967922868105685e-13,4.156454800953397e-08,1.741860508701483e-08,0.0021314121861662014
remy_ruyer14_band,0.0014996848355023741,,,3.888426987646704e-13,4.5015397507928184e-08,1.9277542282198918e-08,0.002231715373764202
remy_ruyer14_band,0.0015511959660339887,,,4.4457737927348566e-13,4.8585596501182314e-08,2.13087714042299e-08,0.0023287270510112313
remy_ruyer14_band,0.0016044763993589841,,,5.100261468751201e-13,5.2389946112016386e-08,2.3633977809905952e-08,0.002427684995092483
remy_ruyer14_band,0.001659586907437563,,,5.848849438013241e-13,5.641190842003393e-08,2.620282748238285e-08,0.0025272517611330983
remy_ruyer14_band,0.0017165903496234227,,,6.68956220216592e-13,6.087490811640917e-08,2.8974019316897566e-08,0.0026366310834334277
remy_ruyer14_band,0.0017755517443614989,,,7.638322449690248e-13,6.562780228968877e-08,3.198470653701401e-08,0.0027480981730353556
remy_ruyer14_band,0.0018365383433483473,,,8.72549587724894e-13,7.077029075473206e-08,3.532383384778925e-08,0.002865026844489298
remy_ruyer14_band,0.0018996197082398153,,,9.949541391020124e-13,7.646642742842204e-08,3.8941628745070416e-08,0.002992828625314332
remy_ruyer14_band,0.001964867789993466,,,1.1392415507602571e-12,8.235045174064709e-08,4.3108230724521945e-08,0.0031160926947717037
remy_ruyer14_band,0.002032357010936221,,,1.3037419913147678e-12,8.863117622572051e-08,4.7694617401853445e-08,0.0032423823640895457
remy_ruyer14_band,0.0021021643496508973,,,1.4876469893435001e-12,9.580314073163427e-08,5.2615165000360923e-08,0.003388369749850534
remy_ruyer14_band,0.0021743694287784062,,,1.6922053235306775e-12,1.0381228403056602e-07,5.78625327096665e-08,0.0035497120809494485
remy_ruyer14_band,0.0022490546058357825,,,1.937535739829184e-12,1.1249106744656059e-07,6.40512246666875e-08,0.003718739471949234
remy_ruyer14_band,0.0023263050671536284,,,2.2099827386072344e-12,1.2189548547499567e-07,7.063174413496417e-08,0.0038958180943544827
remy_ruyer14_band,0.0024062089250401195,,,2.52455205984824e-12,1.3208621531911614e-07,7.800612654771978e-08,0.004081331572148969
remy_ruyer14_band,0.00248885731828239,,,2.8792267813374764e-12,1.431290085381463e-07,8.60109191889642e-08,0.004275681813869641
remy_ruyer14_band,0.0025743445160999654,,,3.2922455212835854e-12,1.5498577501513943e-07,9.508308509290814e-08,0.004476132031674637
remy_ruyer14_band,0.0026627680256687274,,,3.787285967494231e-12,1.6688335023628024e-07,1.0574807760168325e-07,0.004659693939850854
remy_ruyer14_band,0.0027542287033381634,,,4.32872155506542e-12,1.7928401300345296e-07,1.1685232727543215e-07,0.004839709345180024
remy_ruyer14_band,0.0028488308696686952,,,4.947561958158445e-12,1.93373826538153e-07,1.2912260838015767e-07,0.005046714540660805
remy_ruyer14_band,0.0029466824284202645,,,5.655046024479124e-12,2.079457994039194e-07,1.4268572496766795e-07,0.0052468002936655895
remy_ruyer14_band,0.003047894989627983,,,6.465734212348454e-12,2.2381884739986615e-07,1.57723194170408e-07,0.005459770285643089
remy_ruyer14_band,0.003152583996905161,,,7.392640566403138e-12,2.424431519547492e-07,1.7434545895093224e-07,0.005717694809775814
remy_ruyer14_band,0.0032608688591189354,,,8.452425917548451e-12,2.634623764966334e-07,1.927195422053473e-07,0.006007074073414735
remy_ruyer14_band,0.0033728730865886926,,,9.671168728004914e-12,2.848059420098802e-07,2.1318501574851406e-07,0.006278078786572054
remy_ruyer14_band,0.0034887244319626288,,,1.1123279594722883e-11,3.0841718749313127e-07,2.3705215227622212e-07,0.006572787950858601
remy_ruyer14_band,0.0036085550359331287,,,1.2778530795755289e-11,3.342208534924723e-07,2.632845085162832e-07,0.006886172953223081
remy_ruyer14_band,0.0037325015779572064,,,1.4533049364650488e-11,3.603325797731809e-07,2.894905986676798e-07,0.007177632967499131
remy_ruyer14_band,0.003860705432153815,,,1.6589464275085626e-11,3.9141322181870453e-07,3.1947980489510676e-07,0.0075378335108629915
remy_ruyer14_band,0.003993312828555979,,,1.905786416859155e-11,4.245064886475126e-07,3.548285933775336e-07,0.007903668475855483
remy_ruyer14_band,0.0041304750199016105,,,2.2109668699993374e-11,4.5846466115160064e-07,3.9797881142303133e-07,0.008252462911153051
remy_ruyer14_band,0.0042723484541531825,,,2.5315859768801485e-11,4.962439044289215e-07,4.405586476286224e-07,0.008635872746403005
remy_ruyer14_band,0.00441909495294318,,,2.902946700306333e-11,5.34308548964095e-07,4.884087595368711e-07,0.008989520048093249
remy_ruyer14_band,0.004570881896148752,,,3.3454648946114185e-11,5.811710432043138e-07,5.44169495219427e-07,0.009453261749242563
remy_ruyer14_band,0.004727882412806133,,,3.8217112323709564e-11,6.294138494467175e-07,6.009923137923203e-07,0.009897997590917845
remy_ruyer14_band,0.0048902755785825945,,,4.3671415148495424e-11,6.825761859775321e-07,6.639595891938473e-07,0.01037756625229854
remy_ruyer14_band,0.005058246620031148,,,4.980574429936921e-11,7.407671264765068e-07,7.320776534054065e-07,0.01088828341588814
remy_ruyer14_band,0.0052319871258609775,,,5.682110748515362e-11,8.034169762338179e-07,8.074594901059778e-07,0.011417001369460217
remy_ruyer14_band,0.0054116952654646375,,,6.499686336240685e-11,8.707695425709207e-07,8.929698200543331e-07,0.011963206861272687
remy_ruyer14_band,0.0055975760149511045,,,7.421926125551657e-11,9.416542650673448e-07,9.858125505403606e-07,0.012507462039771376
remy_ruyer14_band,0.005789841390942704,,,8.488401993342963e-11,1.0215353242107413e-06,1.0900263276342191e-06,0.013117903686363225
remy_ruyer14_band,0.005988710692402493,,,9.684174395550727e-11,1.1040319957809757e-06,1.2022837689010187e-06,0.013706483326908114
remy_ruyer14_band,0.006194410750767812,,,1.1062218432993873e-10,1.189666881428959e-06,1.3277611141105837e-06,0.014279174050616517
remy_ruyer14_band,0.0064071761886755375,,,1.264895780779864e-10,1.2840029135446293e-06,1.4677963146227066e-06,0.014899684014311848
remy_ruyer14_band,0.006627249687573965,,,1.4481564735523874e-10,1.3849827318762903e-06,1.6246502148289728e-06,0.015537771877355312
remy_ruyer14_band,0.006854882264526621,,,1.659298937712735e-10,1.5091113067438747e-06,1.7997092582862995e-06,0.016368127097551883
remy_ruyer14_band,0.007090333558523733,,,1.8897033626811036e-10,1.6217041193349108e-06,1.981548401323145e-06,0.017005236210872646
remy_ruyer14_band,0.007333872126627916,,,2.1617484003904527e-10,1.749332615721854e-06,2.1915406398968637e-06,0.017734411272648944
remy_ruyer14_band,0.007585775750291836,,,2.4674076790617207e-10,1.8966003167731116e-06,2.4183470629657535e-06,0.01858889329319235
remy_ruyer14_band,0.007846331752197358,,,2.831373509567226e-10,2.0485092812775787e-06,2.682923030173403e-06,0.019411048064455618
remy_ruyer14_band,0.008115837323977311,,,3.2444123149571813e-10,2.217707735816228e-06,2.9722163818212617e-06,0.020316490700324947
remy_ruyer14_band,0.008394599865193964,,,3.720007801549603e-10,2.3864487981634125e-06,3.2947431698107467e-06,0.02113634244147734
remy_ruyer14_band,0.008682937333960746,,,4.250071003090242e-10,2.5721039685514044e-06,3.6392109835434106e-06,0.02202417090529044
remy_ruyer14_band,0.00898117860960694,,,4.867922864084038e-10,2.7754474689818496e-06,4.0298424763802715e-06,0.022976157210678607
remy_ruyer14_band,0.009289663867799364,,,5.570515053922198e-10,2.989306876459515e-06,4.458338793716409e-06,0.023924794538090155
remy_ruyer14_band,0.009608744968548601,,,6.387143563933068e-10,3.2003631171514747e-06,4.9421705324533804e-06,0.02476340187505829
remy_ruyer14_band,0.00993878585754252,,,7.326755445667187e-10,3.432773957887117e-06,5.480953002127414e-06,0.025679678910577975
remy_ruyer14_band,0.010280162981264745,,,8.418379612241855e-10,3.686115428945769e-06,6.088442673984283e-06,0.02665917137567606
remy_ruyer14_band,0.010633265716371628,,,9.639802221384223e-10,3.961689677686511e-06,6.740299160417121e-06,0.02770074841277103
remy_ruyer14_band,0.01099849681381741,,,1.1079817599644367e-09,4.267195048040524e-06,7.489916796281604e-06,0.028846084852835727
remy_ruyer14_band,0.01137627285823431,,,1.2669568037813819e-09,4.592153951307422e-06,8.280175155211323e-06,0.030011945902997324
remy_ruyer14_band,0.01176702474309115,,,1.4551724765132159e-09,4.950071424499773e-06,9.194445032319167e-06,0.03127681450357864
remy_ruyer14_band,0.012171198162172941,,,1.6664197417511176e-09,5.3747968859814065e-06,1.0179554791402457e-05,0.03283268796132547
remy_ruyer14_band,0.012589254117941661,,,1.8932903206114188e-09,5.8201744741388754e-06,1.1181367718898429e-05,0.03437270569390379
remy_ruyer14_band,0.013021669447358343,,,2.167739363200691e-09,6.275957495242307e-06,1.2377077572804673e-05,0.03583364959869831
remy_ruyer14_band,0.013468937365765826,,,2.4969584063889503e-09,6.8027155045380705e-06,1.3783378756433476e-05,0.03755144824655322
remy_ruyer14_band,0.013931568029453036,,,2.8739936672057023e-09,7.3190812889357264e-06,1.533781596632192e-05,0.03906018413791155
remy_ruyer14_band,0.014410089117542072,,,3.2887294268703657e-09,7.932262529935567e-06,1.6968333577212874e-05,0.04092683196442197
remy_ruyer14_band,0.014905046433861976,,,3.756683099555291e-09,8.568627779486097e-06,1.873910925984707e-05,0.04274208068968036
remy_ruyer14_band,0.015417004529495616,,,4.306247171349455e-09,9.210611732902132e-06,2.0767138994103746e-05,0.04441873549445148
remy_ruyer14_band,0.015946547346709784,,,4.959176514947278e-09,9.9962244165244e-06,2.3121745449327095e-05,0.04660655972147477
remy_ruyer14_band,0.016494278885003145,,,5.7149219109131114e-09,1.0776784192488118e-05,2.576052340810648e-05,0.048577321927106704
remy_ruyer14_band,0.017060823890031242,,,6.543323322860685e-09,1.1705021560519487e-05,2.8515178604337514e-05,0.05100936693739793
remy_ruyer14_band,0.017646828566195018,,,7.5826866211232e-09,1.2568320753136935e-05,3.194729975994512e-05,0.05295272383551681
remy_ruyer14_band,0.018252961313705088,,,8.72854457453997e-09,1.3592071045690152e-05,3.555381566560459e-05,0.05536432613082443
remy_ruyer14_band,0.018879913490962925,,,1.0075696837206335e-08,1.4586200608179178e-05,3.96782772223271e-05,0.057440723029165655
remy_ruyer14_band,0.019528400203127887,,,1.1474693344051054e-08,1.5672719717134382e-05,4.368699139347118e-05,0.05966991455590479
remy_ruyer14_band,0.0201991611177703,,,1.314879297357551e-08,1.6892195874112564e-05,4.839831812047852e-05,0.06217710411227349
remy_ruyer14_band,0.02089296130854041,,,1.51220276519368e-08,1.817836011257507e-05,5.381306684871373e-05,0.06468929501082502
remy_ruyer14_band,0.021610592127815634,,,1.7188158638504237e-08,1.981766610197859e-05,5.913442828125247e-05,0.0681810297110013
remy_ruyer14_band,0.0223528721093215,,,1.961414115189297e-08,2.145908613734948e-05,6.523995888571642e-05,0.07137655870242443
remy_ruyer14_band,0.023120647901755942,,,2.2706115742933814e-08,2.3199908167674075e-05,7.301642459405671e-05,0.07460432090156956
remy_ruyer14_band,0.023914795234481284,,,2.604052552588288e-08,2.5104820840876317e-05,8.095819065674912e-05,0.07804914958490593
remy_ruyer14_band,0.024736219916386224,,,2.997535635905745e-08,2.7100311218218698e-05,9.0096669497058e-05,0.08145517116954933
remy_ruyer14_band,0.02558585886905648,,,3.4455601604433165e-08,2.9203468878002178e-05,0.00010012385275942581,0.08486178391467579
remy_ruyer14_band,0.026464681195432715,,,3.9926576102806614e-08,3.134781686906861e-05,0.00011216906969073784,0.08806804385091943
remy_ruyer14_band,0.027373689285175012,,,4.595474307616408e-08,3.3665584034691354e-05,0.00012481728300473536,0.09143880367285306
remy_ruyer14_band,0.02831391995799379,,,5.282604213041449e-08,3.609432047416024e-05,0.00013871575470024726,0.0947799741007483
remy_ruyer14_band,0.029286445646252372,,,6.072413213679226e-08,3.922473315323052e-05,0.00015416023568937305,0.09957975346824295
remy_ruyer14_band,0.030292375618189305,,,7.018120007409788e-08,4.2121100736887086e-05,0.00017225235672430539,0.10338180113891333
remy_ruyer14_band,0.03133285724315589,,,8.068603626145227e-08,4.5590305979644815e-05,0.00019145913688212442,0.108180808445846
remy_ruyer14_band,0.03240907730031209,,,9.238233826983875e-08,4.924016398073168e-05,0.00021193368982403422,0.1129615231159832
remy_ruyer14_band,0.033522263332273414,,,1.0610724678797707e-07,5.345530657632736e-05,0.00023533657476764846,0.11855918548112646
remy_ruyer14_band,0.034673685045253165,,,1.2163172293345478e-07,5.77837055273593e-05,0.0002608102012785505,0.1239033658797734
remy_ruyer14_band,0.03586465575729602,,,1.4002640934724273e-07,6.258051554036248e-05,0.00029028259810380834,0.12973291771471024
remy_ruyer14_band,0.03709653389625622,,,1.602021547382666e-07,6.808883691818572e-05,0.00032107961638797814,0.13646469158740118
remy_ruyer14_band,0.038370724549227846,,,1.8197675636164154e-07,7.299173674084493e-05,0.0003526091967354473,0.1414332147418126
remy_ruyer14_band,0.03968868106519528,,,2.0858425249832015e-07,7.879799140090291e-05,0.0003907442234438064,0.1476135402845213
remy_ruyer14_band,0.04105190671273078,,,2.3838833611811213e-07,8.51033043327536e-05,0.00043174705584591536,0.15413128715416902
remy_ruyer14_band,0.0424619563946313,,,2.73561654214293e-07,9.193526227010603e-05,0.0004789971582593148,0.16097551938587729
remy_ruyer14_band,0.04392043842144921,,,3.1443825148694173e-07,9.891557672991537e-05,0.0005322876888524412,0.16744636977241154
remy_ruyer14_band,0.045429016345940355,,,3.607626349010953e-07,0.00010684025960888226,0.000590426623633858,0.17485550787800197
remy_ruyer14_band,0.04698941086052161,,,4.147119177696813e-07,0.00011552854717794032,0.0006561818773531817,0.18279614288106344
remy_ruyer14_band,0.04860340175990226,,,4.747663247258732e-07,0.0001242297950296302,0.000726258044203476,0.19003641006364974
remy_ruyer14_band,0.050272829971127725,,,5.42400781760187e-07,0.00013444222137348893,0.0008021668104433898,0.1988291527864677
remy_ruyer14_band,0.05199959965335162,,,6.212555784229622e-07,0.00014563209398678128,0.0008882761817133787,0.20822592967274778
remy_ruyer14_band,0.053785680369729756,,,7.063883672111705e-07,0.00015727989730681497,0.0009764602928561107,0.21741237782682865
remy_ruyer14_band,0.055633109333915146,,,8.154148267602059e-07,0.00017181208140734362,0.001089740235683358,0.22961385044957863
remy_ruyer14_band,0.057543993733715666,,,9.346025779407518e-07,0.0001857574631819296,0.001207548798882336,0.24000704346761265
remy_ruyer14_band,0.05952051313456357,,,1.0762972273695496e-06,0.000199128842643651,0.0013444457124936477,0.24873976436822795
remy_ruyer14_band,0.061564921965540476,,,1.2267234079319363e-06,0.00021461107075811906,0.0014814637689994962,0.2591770269472034
remy_ruyer14_band,0.06367955209079162,,,1.4089396103389295e-06,0.000232445491372358,0.0016450158792776673,0.271393125417239
remy_ruyer14_band,0.0658668154692632,,,1.619362209790702e-06,0.0002507313123233228,0.0018279110117908007,0.2830216266784416
remy_ruyer14_band,0.06812920690579623,,,1.8538989471625696e-06,0.0002717631029846348,0.0020231609791007744,0.29657522938851116
remy_ruyer14_band,0.07046930689671467,,,2.1134032478518924e-06,0.0002955270279098645,0.0022297700931051194,0.31179914633302275
remy_ruyer14_band,0.07288978457315466,,,2.4182717711039347e-06,0.00031937146904891786,0.002466698986089666,0.32576705740947687
remy_ruyer14_band,0.0753934007454895,,,2.8124710768748197e-06,0.000344442793165433,0.0027735273141360557,0.3396733580148262
remy_ruyer14_band,0.07798301105232594,,,3.230870604911701e-06,0.000371037668020941,0.0030803302492807658,0.3537494044763006
remy_ruyer14_band,0.08066156921766143,,,3.719520117268621e-06,0.0003982606338467218,0.003428451111468345,0.3670949664787823
remy_ruyer14_band,0.08343213041991812,,,4.2685445780639506e-06,0.00042925894105175954,0.0038038571896993104,0.382528442493868
remy_ruyer14_band,0.08629785477669702,,,4.8809404068573926e-06,0.00046484475591610105,0.004205147375620027,0.4004844440766056
remy_ruyer14_band,0.08926201094922487,,,5.578749561398472e-06,0.0005025551757525015,0.0046467350965129165,0.4185957350123406
remy_ruyer14_band,0.09232797987060806,,,6.395434954845023e-06,0.000541828343092848,0.0051500858497222305,0.4363209855847151
remy_ruyer14_band,0.09549925860214369,,,7.309427791282005e-06,0.0005833774998834111,0.005690639784511533,0.45417935644496615
remy_ruyer14_band,0.09877946432208722,,,8.368119483881822e-06,0.0006045056267850927,0.006298525930048663,0.45499999999999957
remy_ruyer14_band,0.10217233845142622,,,9.597954205492744e-06,0.000625269168238115,0.006984302737658939,0.45499999999999957
remy_ruyer14_band,0.10568175092136607,,,1.0912640741667772e-05,0.0006467458952010294,0.007677283418885051,0.45499999999999957
remy_ruyer14_band,0.10931170458739493,,,1.244182417464218e-05,0.0006689603041487101,0.008462430377937258,0.455
remy_ruyer14_band,0.11306633979496399,,,1.4243005056213995e-05,0.0006919377329602309,0.009365824397019606,0.455
remy_ruyer14_band,0.11694993910198699,,,1.6154255155809436e-05,0.0007157043898193857,0.010269863089351997,0.4550000000000005
remy_ruyer14_band,0.1209669321635517,,,1.8255003276702762e-05,0.0007402873831078963,0.011220002772476223,0.45500000000000046
remy_ruyer14_band,0.12512190078440752,,,2.0940845466115994e-05,0.0007657147523253788,0.0124433865981388,0.4550000000000005
remy_ruyer14_band,0.12941958414499863,,,2.4091239109836847e-05,0.0007920155000713554,0.013840024335367433,0.455
remy_ruyer14_band,0.1338648842069994,,,2.7782497046702807e-05,0.0008192196251257846,0.015430582677153085,0.455
remy_ruyer14_band,0.13846287130451934,,,3.2014364005655874e-05,0.0008473581566658323,0.01719052977537802,0.455
remy_ruyer14_band,0.14321878992735454,,,3.69421011362513e-05,0.0008764631896579271,0.019177823113774507,0.45499999999999957
remy_ruyer14_band,0.148138064702882,,,4.2290056844652124e-05,0.0009065679214654613,0.021225079123925066,0.4549999999999996
remy_ruyer14_band,0.15322630658341968,,,4.794123216449053e-05,0.0009377066897138826,0.023262349382938658,0.455
remy_ruyer14_band,0.15848931924611143,,,5.505001449177684e-05,0.0009699150114563904,0.0258246921615819,0.455
remy_ruyer14_band,0.16393310571263114,,,6.284454369764e-05,0.0010032296236848755,0.028502215950720344,0.45500000000000046
remy_ruyer14_band,0.1695638751962661,,,7.169839953118936e-05,0.0010376885252323495,0.03143792283853825,0.45500000000000007
remy_ruyer14_band,0.17538805018417603,,,8.231119261474675e-05,0.0010733310201146125,0.034892863373789995,0.4550000000000005
remy_ruyer14_band,0.18141227376292288,,,9.384597044717522e-05,0.0011101977623606473,0.03846154081834086,0.455
remy_ruyer14_band,0.18764341719560856,,,0.0001079418968897041,0.0011483308023828268,0.042769525108011595,0.4550000000000005
remy_ruyer14_band,0.19408858775927793,,,0.0001245382112953197,0.0011877736349398412,0.047706805802471317,0.455
remy_ruyer14_band,0.20075513685151825,,,0.00014258818788308745,0.0012285712487470775,0.05280737731162785,0.45499999999999957
remy_ruyer14_band,0.2076506683755045,,,0.0001628152319198025,0.0012707701777909923,0.05829608832360748,0.4549999999999995
remy_ruyer14_band,0.21478304741305376,,,0.00018713218163521675,0.0013144185544060345,0.06477780031224477,0.45499999999999957
remy_ruyer14_band,0.22216040919558072,,,0.0002132899472992103,0.0013595661641746578,0.07138080409647034,0.4550000000000009
remy_ruyer14_band,0.2297911683831916,,,0.00024393949066448754,0.0014062645027130398,0.0789271634448637,0.4550000000000009
remy_ruyer14_band,0.23768402866248736,,,0.0002787296938279181,0.0014545668344072599,0.08718885079170893,0.4550000000000009
remy_ruyer14_band,0.24584799267404053,,,0.0003171666338166743,0.0015045282531669611,0.09591765264814368,0.45500000000000046
remy_ruyer14_band,0.2542923722808569,,,0.000361489564842184,0.0015562057452657757,0.10569152086962876,0.4550000000000005
remy_ruyer14_band,0.26302679918953814,,,0.0004113076008135014,0.0016096582543401777,0.1162637832381736,0.45500000000000046
remy_ruyer14_band,0.27206123593626064,,,0.0004715946349615072,0.0016649467486209311,0.12887833144526567,0.455
remy_ruyer14_band,0.2814059872500996,,,0.0005382438218792709,0.0017221342904737969,0.14220780592417717,0.455
remy_ruyer14_band,0.2910717118066608,,,0.0006155448898175474,0.0017812861083288125,0.1572307354542534,0.455
remy_ruyer14_band,0.3010694343854257,,,0.0006967111358557952,0.0018424696710802075,0.17205361466196237,0.4549999999999996
remy_ruyer14_band,0.31141055844467647,,,0.0007960674087327057,0.0019057547650418068,0.19006153237425322,0.4549999999999995
remy_ruyer14_band,0.3221068791283441,,,0.000907691068075115,0.00197121357354568,0.20951531661346173,0.4549999999999991
remy_ruyer14_band,0.3331705967196159,,,0.0010292122544839793,0.0020389207592748653,0.22967620181411846,0.454999999999999
remy_ruyer14_band,0.3446143305566465,,,0.0011678472967719966,0.002108953549424033,0.2519593284434252,0.454999999999999
remy_ruyer14_band,0.3564511334262439,,,0.0013389592377160578,0.0021813918237852587,0.2792833669393916,0.4550000000000005
remy_ruyer14_band,0.36869450645195734,,,0.0015159182944343708,0.0022563182058593684,0.30569394962841057,0.4550000000000005
remy_ruyer14_band,0.3813584144935253,,,0.0017387013138857586,0.002333818157096754,0.3389763231605639,0.4550000000000005
remy_ruyer14_band,0.39445730207527846,,,0.001976730098728436,0.0024139800743751853,0.37258476342404556,0.455
remy_ruyer14_band,0.4080061098616436,,,0.0022569682581936134,0.0024968953908257934,0.4112789671730952,0.455
remy_ruyer14_band,0.42202029169854877,,,0.0025702754384661596,0.002582658680122194,0.452818381888067,0.455
remy_ruyer14_band,0.43651583224016655,,,0.0026713677643517564,0.0026713677643517564,0.4549999999999995,0.4549999999999995
remy_ruyer14_band,0.45150926518109996,,,0.0027631238255920337,0.0027631238255920337,0.45499999999999957,0.45499999999999957
remy_ruyer14_band,0.46701769211480704,,,0.002858031521319588,0.002858031521319588,0.45499999999999957,0.45499999999999957
remy_ruyer14_band,0.48305880203977186,,,0.0029561991037829,0.0029561991037829,0.4550000000000009,0.4550000000000009
remy_ruyer14_band,0.499650891535683,,,0.003057738543475499,0.003057738543475499,0.45500000000000046,0.45500000000000046
remy_ruyer14_band,0.5168128856326051,,,0.003162765656850129,0.003162765656850129,0.4549999999999992,0.4549999999999992
remy_ruyer14_band,0.5345643593969713,,,0.003271400238419619,0.003271400238419619,0.4550000000000005,0.4550000000000005
remy_ruyer14_band,0.5529255602590326,,,0.003383766197395215,0.003383766197395215,0.455,0.455
remy_ruyer14_band,0.5719174311071686,,,0.0034999916990180995,0.0034999916990180995,0.4550000000000005,0.4550000000000005
remy_ruyer14_band,0.5915616341754742,,,0.003620209310745359,0.003620209310745359,0.455,0.455
remy_ruyer14_band,0.6118805757518225,,,0.003744556153457212,0.003744556153457212,0.4549999999999995,0.4549999999999995
remy_ruyer14_band,0.632897431734602,,,0.0038731740578578306,0.0038731740578578306,0.455,0.455
remy_ruyer14_band,0.654636174067276,,,0.004006209726248208,0.004006209726248208,0.45499999999999957,0.45499999999999957
remy_ruyer14_band,0.6771215980809157,,,0.004143814899855675,0.004143814899855675,0.4549999999999991,0.4549999999999991
remy_ruyer14_band,0.7003793507758928,,,0.004286146531910761,0.004286146531910761,0.4549999999999991,0.4549999999999991
remy_ruyer14_band,0.7244359600749891,,,0.004433366966668924,0.004433366966668924,0.45500000000000096,0.45500000000000096
remy_ruyer14_band,0.7493188650813052,,,0.0045856441245813225,0.0045856441245813225,0.4550000000000005,0.4550000000000005
remy_ruyer14_band,0.7750564473754374,,,0.004743151693825838,0.004743151693825838,0.45500000000000046,0.45500000000000046
remy_ruyer14_band,0.801678063387679,,,0.004906069328416754,0.004906069328416754,0.45500000000000046,0.45500000000000046
remy_ruyer14_band,0.8292140778821253,,,0.005074582853119136,0.005074582853119136,0.455,0.455
remy_ruyer14_band,0.8576958985908946,,,0.0052488844754016275,0.0052488844754016275,0.455,0.455
remy_ruyer14_band,0.8871560120379617,,,0.005429173004669316,0.005429173004669316,0.455,0.455
remy_ruyer14_band,0.9176280205934699,,,0.005615654079026882,0.005615654079026882,0.4549999999999995,0.4549999999999995
remy_ruyer14_band,0.9491466808007816,,,0.005808540399830577,0.005808540399830577,0.4549999999999995,0.4549999999999995
remy_ruyer14_band,0.9817479430199864,,,0.006008051974296555,0.006008051974296555,0.4549999999999995,0.4549999999999995
remy_ruyer14_band,1.0154689924330826,,,0.006214416366442346,0.006214416366442346,0.4549999999999991,0.4549999999999991
remy_ruyer14_band,1.0503482914576001,,,0.006427868956647661,0.006427868956647661,0.4550000000000009,0.4550000000000009
remy_ruyer14_band,1.0864256236170644,,,0.006648653210130537,0.006648653210130537,0.45500000000000046,0.45500000000000046
remy_ruyer14_band,1.123742138918283,,,0.006877020954645169,0.006877020954645169,0.45500000000000046,0.45500000000000046
remy_ruyer14_band,1.1623404007872873,,,0.00711323266771801,0.00711323266771801,0.4550000000000005,0.4550000000000005
remy_ruyer14_band,1.2022644346174132,,,0.007357557773749915,0.007357557773749915,0.455,0.455
remy_ruyer14_band,1.243559777984908,,,0.00761027495132314,0.00761027495132314,0.455,0.455
remy_ruyer14_band,1.2862735325893466,,,0.007871672451063655,0.007871672451063655,0.45500000000000007,0.45500000000000007
remy_ruyer14_band,1.3304544179780928,,,0.008142048424421426,0.008142048424421426,0.45499999999999957,0.45499999999999957
remy_ruyer14_band,1.376152827116087,,,0.008421711263743666,0.008421711263743666,0.4549999999999996,0.4549999999999996
remy_ruyer14_band,1.4234208838643445,,,0.008710979954028813,0.008710979954028813,0.4549999999999995,0.4549999999999995
remy_ruyer14_band,1.4723125024327164,,,0.009010184436762634,0.009010184436762634,0.4550000000000009,0.4550000000000009
remy_ruyer14_band,1.5228834488747691,,,0.00931966598625135,0.00931966598625135,0.454999999999999,0.454999999999999
remy_ruyer14_band,1.5751914046947906,,,0.009639777598880964,0.009639777598880964,0.4550000000000009,0.4550000000000009
remy_ruyer14_band,1.6292960326397214,,,0.009970884395746945,0.009970884395746945,0.45500000000000046,0.45500000000000046
remy_ruyer14_band,1.685259044750751,,,0.010313364039113409,0.010313364039113409,0.455,0.455
remy_ruyer14_band,1.7431442727524467,,,0.010667607163176796,0.010667607163176796,0.45500000000000046,0.45500000000000046
remy_ruyer14_band,1.80301774085957,,,0.011034017819625354,0.011034017819625354,0.455,0.455
remy_ruyer14_band,1.8649477410846655,,,0.01141301393850287,0.01141301393850287,0.45499999999999957,0.45499999999999957
remy_ruyer14_band,1.9290049111323118,,,0.011805027804901965,0.011805027804901965,0.455,0.455
remy_ruyer14_band,1.9952623149688828,,,0.01221050655203081,0.01221050655203081,0.45499999999999957,0.45499999999999957
remy_ruyer14_band,2.0637955261597076,,,0.012629912671215895,0.012629912671215895,0.4550000000000009,0.4550000000000009
remy_ruyer14_band,2.1346827140687434,,,0.01306372453942218,0.01306372453942218,0.45499999999999957,0.45499999999999957
remy_ruyer14_band,2.208004733018897,,,0.013512436964892422,0.013512436964892422,0.4550000000000009,0.4550000000000009
remy_ruyer14_band,2.2838452145150367,,,0.013976561751528413,0.013976561751528413,0.4550000000000005,0.4550000000000005
remy_ruyer14_band,2.3622906626344604,,,0.01445662828265727,0.01445662828265727,0.45500000000000096,0.45500000000000096
remy_ruyer14_band,2.4434305526939712,,,0.014953184124848947,0.014953184124848947,0.45500000000000046,0.45500000000000046
remy_ruyer14_band,2.527357433305918,,,0.015466795652473893,0.015466795652473893,0.455,0.455
remy_ruyer14_band,2.614167031939658,,,0.015998048693712724,0.015998048693712724,0.455,0.455
remy_ruyer14_band,2.7039583641088463,,,0.01654754919875511,0.01654754919875511,0.45499999999999996,0.45499999999999996
remy_ruyer14_band,2.7968338463090805,,,0.01711592393094998,0.01711592393094998,0.45499999999999957,0.45499999999999957
remy_ruyer14_band,2.892899412834733,,,0.017703821181695337,0.017703821181695337,0.4549999999999995,0.4549999999999995
remy_ruyer14_band,2.992264636608195,,,0.018311911509882983,0.018311911509882983,0.45499999999999957,0.45499999999999957
remy_ruyer14_band,3.095042854159369,,,0.01894088850674176,0.01894088850674176,0.454999999999999,0.454999999999999
remy_ruyer14_band,3.2013512948979446,,,0.019591469586951658,0.019591469586951658,0.4549999999999991,0.4549999999999991
remy_ruyer14_band,3.3113112148259214,,,0.02026439680693089,0.02026439680693089,0.454999999999999,0.454999999999999
remy_ruyer14_band,3.425048034842867,,,0.020960437711229657,0.020960437711229657,0.45500000000000046,0.45500000000000046
remy_ruyer14_band,3.5426914838017547,,,0.021680386207995814,0.021680386207995814,0.4550000000000005,0.4550000000000005
remy_ruyer14_band,3.664375746478333,,,0.022425063474510804,0.022425063474510804,0.4550000000000005,0.4550000000000005
remy_ruyer14_band,3.790239616623088,,,0.023195318893829142,0.023195318893829142,0.455,0.455
remy_ruyer14_band,3.920426655270156,,,0.023992031023589537,0.023992031023589537,0.455,0.455
remy_ruyer14_band,4.055085354483843,,,0.024816108598102474,0.024816108598102474,0.4549999999999995,0.4549999999999995
remy_ruyer14_band,4.194369306729506,,,0.025668491564857867,0.025668491564857867,0.45499999999999957,0.45499999999999957
remy_ruyer14_band,4.33843738006197,,,0.026550152156634216,0.026550152156634216,0.45499999999999957,0.45499999999999957
remy_ruyer14_band,4.487453899331314,,,0.027462096000432864,0.027462096000432864,0.4550000000000009,0.4550000000000009
remy_ruyer14_band,4.641588833612772,,,0.028405363264501823,0.028405363264501823,0.45500000000000096,0.45500000000000096
remy_ruyer14_band,4.801017990074317,,,0.02938102984475736,0.02938102984475736,0.45500000000000096,0.45500000000000096
remy_ruyer14_band,4.965923214503357,,,0.030390208591956954,0.030390208591956954,0.45500000000000046,0.45500000000000046
remy_ruyer14_band,5.136492598721055,,,0.03143405058102321,0.03143405058102321,0.45500000000000046,0.45500000000000046
remy_ruyer14_band,5.312920695120896,,,0.032513746423966136,0.032513746423966136,0.45500000000000046,0.45500000000000046
remy_ruyer14_band,5.4954087385762485,,,0.033630527627901995,0.033630527627901995,0.45499999999999996,0.45499999999999996
remy_ruyer14_band,5.6841648759699765,,,0.03478566799971727,0.03478566799971727,0.455,0.455
remy_ruyer14_band,5.879404403607946,,,0.03598048509897973,0.03598048509897973,0.45499999999999996,0.45499999999999996
remy_ruyer14_band,6.081350012787189,,,0.03721634174075436,0.03721634174075436,0.45499999999999957,0.45499999999999957
remy_ruyer14_band,6.290232043798845,,,0.038494647550037904,0.038494647550037904,0.454999999999999,0.454999999999999
remy_ruyer14_band,6.506288748655587,,,0.03981686056958499,0.03981686056958499,0.4549999999999996,0.4549999999999996
remy_ruyer14_band,6.729766562843196,,,0.04118448892295957,0.04118448892295957,0.4549999999999991,0.4549999999999991
remy_ruyer14_band,6.960920386406227,,,0.04259909253470955,0.04259909253470955,0.45500000000000046,0.45500000000000046
remy_ruyer14_band,7.200013874688569,,,0.044062284909625285,0.044062284909625285,0.4549999999999991,0.4549999999999991
remy_ruyer14_band,7.447319739059888,,,0.0455757349731118,0.0455757349731118,0.45500000000000046,0.45500000000000046
remy_ruyer14_band,7.703120057972146,,,0.04714116897477504,0.04714116897477504,0.455,0.455
remy_ruyer14_band,7.96770659869954,,,0.048760372457391565,0.048760372457391565,0.45500000000000046,0.45500000000000046
remy_ruyer14_band,8.24138115013003,,,0.05043519229350825,0.05043519229350825,0.455,0.455
remy_ruyer14_band,8.524455866987408,,,0.052167538791996135,0.052167538791996135,0.4549999999999995,0.4549999999999995
remy_ruyer14_band,8.817253625876717,,,0.05395938787695898,0.05395938787695898,0.45499999999999957,0.45499999999999957
remy_ruyer14_band,9.120108393559116,,,0.05581278334148334,0.05581278334148334,0.4549999999999995,0.4549999999999995
remy_ruyer14_band,9.433365607876194,,,0.05772983917880046,0.05772983917880046,0.4550000000000009,0.4550000000000009
remy_ruyer14_band,9.75738257175846,,,0.05971274199351896,0.05971274199351896,0.4550000000000009,0.4550000000000009
remy_ruyer14_band,10.092528860766834,,,0.06176375349567796,0.06176375349567796,0.45500000000000096,0.45500000000000096
remy_ruyer14_band,10.439186744632744,,,0.06388521308046637,0.06388521308046637,0.4550000000000009,0.4550000000000009
remy_ruyer14_band,10.797751623277094,,,0.06607954049655,0.06607954049655,0.45500000000000007,0.45500000000000007
remy_ruyer14_band,11.168632477805613,,,0.06834923860605104,0.06834923860605104,0.4550000000000009,0.4550000000000009
remy_ruyer14_band,11.552252336994997,,,0.07069689623932514,0.07069689623932514,0.45500000000000007,0.45500000000000007
remy_ruyer14_band,11.949048759801899,,,0.07312519114779767,0.07312519114779767,0.455,0.455
remy_ruyer14_band,12.35947433444512,,,0.07563689305822052,0.07563689305822052,0.455,0.455
remy_ruyer14_band,12.783997194630256,,,0.07823486683183851,0.07823486683183851,0.455,0.455
remy_ruyer14_band,13.223101553505634,,,0.08092207573206595,0.08092207573206595,0.4549999999999991,0.4549999999999991
remy_ruyer14_band,13.677288255958523,,,0.083701584804402,0.083701584804402,0.454999999999999,0.454999999999999
remy_ruyer14_band,14.147075349881622,,,0.08657656437243788,0.08657656437243788,0.4549999999999991,0.4549999999999991
remy_ruyer14_band,14.632998677061378,,,0.08955029365394619,0.08955029365394619,0.4549999999999991,0.4549999999999991
remy_ruyer14_band,15.135612484362072,,,0.09262616450117479,0.09262616450117479,0.455,0.455
remy_ruyer14_band,15.655490055903185,,,0.09580768526961332,0.09580768526961332,0.4549999999999991,0.4549999999999991
remy_ruyer14_band,16.1932243669498,,,0.09909848481964104,0.09909848481964104,0.455,0.455
remy_ruyer14_band,16.749428760264383,,,0.10250231665562796,0.10250231665562796,0.455,0.455
remy_ruyer14_band,17.32473764568826,,,0.10602306320720073,0.10602306320720073,0.455,0.455
remy_ruyer14_band,17.91980722375336,,,0.10966474025756462,0.10966474025756462,0.455,0.455
remy_ruyer14_band,18.535316234148066,,,0.11343150152392788,0.11343150152392788,0.45500000000000096,0.45500000000000096
remy_ruyer14_band,19.17196672989189,,,0.11732764339525589,0.11732764339525589,0.455,0.455
remy_ruyer14_band,19.8304848781002,,,0.12135760983275397,0.12135760983275397,0.45500000000000096,0.45500000000000096
remy_ruyer14_band,20.511621788255624,,,0.12552599743867762,0.12552599743867762,0.45500000000000096,0.45500000000000096
remy_ruyer14_band,21.216154368926823,,,0.12983756069924018,0.12983756069924018,0.4550000000000009,0.4550000000000009
remy_ruyer14_band,21.94488621391516,,,0.13429721740760758,0.13429721740760758,0.4550000000000009,0.4550000000000009
remy_ruyer14_band,22.698648518838212,,,0.13891005427316014,0.13891005427316014,0.45499999999999996,0.45499999999999996
remy_ruyer14_band,23.478301029196125,,,0.14368133272342298,0.14368133272342298,0.455,0.455
remy_ruyer14_band,24.284733021002147,,,0.1486164949052779,0.1486164949052779,0.455,0.455
constant_dtm,0.001,6.11975e-06,0.455,,,,
constant_dtm,0.001034347970528327,6.32995099264073e-06,0.455,,,,
constant_dtm,0.0010698757241360691,6.547371962781709e-06,0.455,,,,
constant_dtm,0.0011066237839776677,6.772260901997332e-06,0.455,,,,
constant_dtm,0.0011446340650956785,7.004874319869279e-06,0.455,,,,
constant_dtm,0.0011839499222293017,7.24547753656277e-06,0.455,,,,
constant_dtm,0.001224616199265049,7.494344985452283e-06,0.455,,,,
constant_dtm,0.001266679280385917,7.751760526141715e-06,0.455,,,,
constant_dtm,0.0013101871429774523,8.018017768236264e-06,0.455,,,,
constant_dtm,0.001355189412351035,8.293420406235247e-06,0.455,,,,
constant_dtm,0.0014017374183467695,8.578282565927643e-06,0.455,,,,
constant_dtm,0.0014498842538805976,8.872929162685787e-06,0.455,,,,
constant_dtm,0.0014996848355023741,9.177696272065654e-06,0.455,,,,
constant_dtm,0.0015511959660339887,9.492931513136503e-06,0.455,,,,
constant_dtm,0.0016044763993589841,9.818994444977143e-06,0.455,,,,
constant_dtm,0.001659586907437563,1.0156256976791027e-05,0.455,,,,
constant_dtm,0.0017165903496234227,1.0505103792107941e-05,0.455,,,,
constant_dtm,0.0017755517443614989,1.0865932787556284e-05,0.455,,,,
constant_dtm,0.0018365383433483473,1.1239155526706048e-05,0.455,,,,
constant_dtm,0.0018996197082398153,1.162519770950061e-05,0.455,,,,
constant_dtm,0.001964867789993466,1.2024499657812514e-05,0.455,,,,
constant_dtm,0.002032357010936221,1.2437516817676938e-05,0.455,,,,
constant_dtm,0.0021021643496508973,1.2864720278776079e-05,0.455,,,,
constant_dtm,0.0021743694287784062,1.3306597311766652e-05,0.455,,,,
constant_dtm,0.0022490546058357825,1.376365192406353e-05,0.455,,,,
constant_dtm,0.0023263050671536284,1.4236405434713418e-05,0.455,,,,
constant_dtm,0.0024062089250401195,1.4725397069014272e-05,0.455,,,,
constant_dtm,0.00248885731828239,1.5231184573558657e-05,0.455,,,,
constant_dtm,0.0025743445160999654,1.5754344852402763e-05,0.455,,,,
constant_dtm,0.0026627680256687274,1.6295474625086194e-05,0.455,,,,
constant_dtm,0.0027542287033381634,1.6855191107253727e-05,0.455,,,,
constant_dtm,0.0028488308696686952,1.7434132714655e-05,0.455,,,,
constant_dtm,0.0029466824284202645,1.8032959791324915e-05,0.455,,,,
constant_dtm,0.003047894989627983,1.865235536277585e-05,0.455,,,,
constant_dtm,0.003152583996905161,1.929302591506036e-05,0.455,,,,
constant_dtm,0.0032608688591189354,1.9955702200593104e-05,0.455,,,,
constant_dtm,0.0033728730865886926,2.064114007165115e-05,0.455,,,,
constant_dtm,0.0034887244319626288,2.1350121342503296e-05,0.455,,,,
constant_dtm,0.0036085550359331287,2.2083454681151764e-05,0.455,,,,
constant_dtm,0.0037325015779572064,2.2841976531703615e-05,0.455,,,,
constant_dtm,0.003860705432153815,2.3626552068423312e-05,0.455,,,,
constant_dtm,0.003993312828555979,2.443807618255545e-05,0.455,,,,
constant_dtm,0.0041304750199016105,2.527747450304288e-05,0.455,,,,
constant_dtm,0.0042723484541531825,2.614570445230394e-05,0.455,,,,
constant_dtm,0.00441909495294318,2.704375633827403e-05,0.455,,,,
constant_dtm,0.004570881896148752,2.7972654483956328e-05,0.455,,,,
constant_dtm,0.004727882412806133,2.8933458395770332e-05,0.455,,,,
constant_dtm,0.0048902755785825945,2.9927263972030835e-05,0.455,,,,
constant_dtm,0.005058246620031148,3.095520475293562e-05,0.455,,,,
constant_dtm,0.0052319871258609775,3.201845321348772e-05,0.455,,,,
constant_dtm,0.0054116952654646375,3.3118222100827215e-05,0.455,,,,
constant_dtm,0.0055975760149511045,3.4255765817497026e-05,0.455,,,,
constant_dtm,0.005789841390942704,3.543238185222161e-05,0.455,,,,
constant_dtm,0.005988710692402493,3.664941225983016e-05,0.455,,,,
constant_dtm,0.006194410750767812,3.790824519201132e-05,0.455,,,,
constant_dtm,0.0064071761886755375,3.921031648064712e-05,0.455,,,,
constant_dtm,0.006627249687573965,4.055711127553077e-05,0.455,,,,
constant_dtm,0.006854882264526621,4.195016573833679e-05,0.455,,,,
constant_dtm,0.007090333558523733,4.339106879477562e-05,0.455,,,,
constant_dtm,0.007333872126627916,4.4881463946931186e-05,0.455,,,,
constant_dtm,0.007585775750291836,4.642305114784846e-05,0.455,,,,
constant_dtm,0.007846331752197358,4.8017588740509785e-05,0.455,,,,
constant_dtm,0.008115837323977311,4.966689546341015e-05,0.455,,,,
constant_dtm,0.008394599865193964,5.137285252502076e-05,0.455,,,,
constant_dtm,0.008682937333960746,5.3137405749506276e-05,0.455,,,,
constant_dtm,0.00898117860960694,5.4962567796142074e-05,0.455,,,,
constant_dtm,0.009289663867799364,5.6850420454965155e-05,0.455,,,,
constant_dtm,0.009608744968548601,5.8803117021275305e-05,0.455,,,,
constant_dtm,0.00993878585754252,6.082288475169584e-05,0.455,,,,
constant_dtm,0.010280162981264745,6.291202740459493e-05,0.455,,,,
constant_dtm,0.010633265716371628,6.507292786776528e-05,0.455,,,,
constant_dtm,0.01099849681381741,6.730805087635909e-05,0.455,,,,
constant_dtm,0.01137627285823431,6.961994582417942e-05,0.455,,,,
constant_dtm,0.01176702474309115,7.201124967153206e-05,0.455,,,,
constant_dtm,0.012171198162172941,7.448468995295786e-05,0.455,,,,
constant_dtm,0.012589254117941661,7.704308788827348e-05,0.455,,,,
constant_dtm,0.013021669447358343,7.968936160047122e-05,0.455,,,,
constant_dtm,0.013468937365765826,8.242652944414541e-05,0.455,,,,
constant_dtm,0.013931568029453036,8.525771344824521e-05,0.455,,,,
constant_dtm,0.014410089117542072,8.81861428770781e-05,0.455,,,,
constant_dtm,0.014905046433861976,9.121515791362682e-05,0.455,,,,
constant_dtm,0.015417004529495616,9.43482134693808e-05,0.455,,,,
constant_dtm,0.015946547346709784,9.758888312502721e-05,0.455,,,,
constant_dtm,0.016494278885003145,0.000100940863206498,0.455,,,,
constant_dtm,0.017060823890031242,0.0001044079770010187,0.455,,,,
constant_dtm,0.017646828566195018,0.00010799417911797197,0.455,,,,
constant_dtm,0.018252961313705088,0.00011170355999954672,0.455,,,,
constant_dtm,0.018879913490962925,0.00011554035058632036,0.455,,,,
constant_dtm,0.019528400203127887,0.0001195089271430919,0.455,,,,
constant_dtm,0.0201991611177703,0.0001236138162504748,0.455,,,,
constant_dtm,0.02089296130854041,0.0001278596999679402,0.455,,,,
constant_dtm,0.021610592127815634,0.00013225142117419974,0.455,,,,
constant_dtm,0.0223528721093215,0.00013679398909102026,0.455,,,,
constant_dtm,0.023120647901755942,0.00014149258499677092,0.455,,,,
constant_dtm,0.023914795234481284,0.00014635256813621685,0.455,,,,
constant_dtm,0.024736219916386224,0.0001513794818333046,0.455,,,,
constant_dtm,0.02558585886905648,0.0001565790598139084,0.455,,,,
constant_dtm,0.026464681195432715,0.00016195723274574936,0.455,,,,
constant_dtm,0.027373689285175012,0.0001675201350029498,0.455,,,,
constant_dtm,0.02831391995799379,0.0001732741116629325,0.455,,,,
constant_dtm,0.029286445646252372,0.00017922572574365295,0.455,,,,
constant_dtm,0.030292375618189305,0.000185381765689414,0.455,,,,
constant_dtm,0.03133285724315589,0.00019174925311380326,0.455,,,,
constant_dtm,0.03240907730031209,0.0001983354508085849,0.455,,,,
constant_dtm,0.033522263332273414,0.00020514787102768022,0.455,,,,
constant_dtm,0.034673685045253165,0.00021219428405568806,0.455,,,,
constant_dtm,0.03586465575729602,0.00021948272707071232,0.455,,,,
constant_dtm,0.03709653389625622,0.00022702151331161402,0.455,,,,
constant_dtm,0.038370724549227846,0.00023481924156013712,0.455,,,,
constant_dtm,0.03968868106519528,0.00024288480594872883,0.455,,,,
constant_dtm,0.04105190671273078,0.0002512274061052342,0.455,,,,
constant_dtm,0.0424619563946313,0.00025985655764604494,0.455,,,,
constant_dtm,0.04392043842144921,0.0002687821030296638,0.455,,,,
constant_dtm,0.045429016345940355,0.0002780142227830685,0.455,,,,
constant_dtm,0.04698941086052161,0.0002875634471136771,0.455,,,,
constant_dtm,0.04860340175990226,0.00029744066792016183,0.455,,,,
constant_dtm,0.050272829971127725,0.0003076571512158089,0.455,,,,
constant_dtm,0.05199959965335162,0.0003182245499785986,0.455,,,,
constant_dtm,0.053785680369729756,0.0003291549174426537,0.455,,,,
constant_dtm,0.055633109333915146,0.0003404607208462272,0.455,,,,
constant_dtm,0.057543993733715666,0.00035215485565190646,0.455,,,,
constant_dtm,0.05952051313456357,0.00036425066025524543,0.455,,,,
constant_dtm,0.061564921965540476,0.00037676193119861635,0.455,,,,
constant_dtm,0.06367955209079162,0.0003897029389076221,0.455,,,,
constant_dtm,0.0658668154692632,0.00040308844396802355,0.455,,,,
constant_dtm,0.06812920690579623,0.00041693371396174647,0.455,,,,
constant_dtm,0.07046930689671467,0.0004312545408811696,0.455,,,,
constant_dtm,0.07288978457315466,0.00044606725914156327,0.455,,,,
constant_dtm,0.0753934007454895,0.0004613887642122094,0.455,,,,
constant_dtm,0.07798301105232594,0.0004772365318874717,0.455,,,,
constant_dtm,0.08066156921766143,0.0004936286382197835,0.455,,,,
constant_dtm,0.08343213041991812,0.000510583780137294,0.455,,,,
constant_dtm,0.08629785477669702,0.0005281212967696916,0.455,,,,
constant_dtm,0.08926201094922487,0.0005462611915065189,0.455,,,,
constant_dtm,0.09232797987060806,0.0005650241548131537,0.455,,,,
constant_dtm,0.09549925860214369,0.0005844315878304688,0.455,,,,
constant_dtm,0.09877946432208722,0.0006045056267850932,0.455,,,,
constant_dtm,0.10217233845142622,0.0006252691682381156,0.455,,,,
constant_dtm,0.10568175092136607,0.0006467458952010301,0.455,,,,
constant_dtm,0.10931170458739493,0.0006689603041487101,0.455,,,,
constant_dtm,0.11306633979496399,0.0006919377329602309,0.455,,,,
constant_dtm,0.11694993910198699,0.000715704389819385,0.455,,,,
constant_dtm,0.1209669321635517,0.0007402873831078955,0.455,,,,
constant_dtm,0.12512190078440752,0.0007657147523253779,0.455,,,,
constant_dtm,0.12941958414499863,0.0007920155000713554,0.455,,,,
constant_dtm,0.1338648842069994,0.0008192196251257846,0.455,,,,
constant_dtm,0.13846287130451934,0.0008473581566658323,0.455,,,,
constant_dtm,0.14321878992735454,0.000876463189657928,0.455,,,,
constant_dtm,0.148138064702882,0.000906567921465462,0.455,,,,
constant_dtm,0.15322630658341968,0.0009377066897138826,0.455,,,,
constant_dtm,0.15848931924611143,0.0009699150114563904,0.455,,,,
constant_dtm,0.16393310571263114,0.0010032296236848744,0.455,,,,
constant_dtm,0.1695638751962661,0.0010376885252323495,0.455,,,,
constant_dtm,0.17538805018417603,0.0010733310201146112,0.455,,,,
constant_dtm,0.18141227376292288,0.0011101977623606473,0.455,,,,
constant_dtm,0.18764341719560856,0.0011483308023828255,0.455,,,,
constant_dtm,0.19408858775927793,0.0011877736349398412,0.455,,,,
constant_dtm,0.20075513685151825,0.0012285712487470788,0.455,,,,
constant_dtm,0.2076506683755045,0.0012707701777909938,0.455,,,,
constant_dtm,0.21478304741305376,0.0013144185544060358,0.455,,,,
constant_dtm,0.22216040919558072,0.0013595661641746552,0.455,,,,
constant_dtm,0.2297911683831916,0.001406264502713037,0.455,,,,
constant_dtm,0.23768402866248736,0.001454566834407257,0.455,,,,
constant_dtm,0.24584799267404053,0.0015045282531669596,0.455,,,,
constant_dtm,0.2542923722808569,0.001556205745265774,0.455,,,,
constant_dtm,0.26302679918953814,0.001609658254340176,0.455,,,,
constant_dtm,0.27206123593626064,0.0016649467486209311,0.455,,,,
constant_dtm,0.2814059872500996,0.0017221342904737969,0.455,,,,
constant_dtm,0.2910717118066608,0.0017812861083288125,0.455,,,,
constant_dtm,0.3010694343854257,0.001842469671080209,0.455,,,,
constant_dtm,0.31141055844467647,0.001905754765041809,0.455,,,,
constant_dtm,0.3221068791283441,0.001971213573545684,0.455,,,,
constant_dtm,0.3331705967196159,0.0020389207592748696,0.455,,,,
constant_dtm,0.3446143305566465,0.0021089535494240373,0.455,,,,
constant_dtm,0.3564511334262439,0.002181391823785256,0.455,,,,
constant_dtm,0.36869450645195734,0.002256318205859366,0.455,,,,
constant_dtm,0.3813584144935253,0.0023338181570967515,0.455,,,,
constant_dtm,0.39445730207527846,0.0024139800743751853,0.455,,,,
constant_dtm,0.4080061098616436,0.0024968953908257934,0.455,,,,
constant_dtm,0.42202029169854877,0.002582658680122194,0.455,,,,
constant_dtm,0.43651583224016655,0.0026713677643517594,0.455,,,,
constant_dtm,0.45150926518109996,0.0027631238255920367,0.455,,,,
constant_dtm,0.46701769211480704,0.0028580315213195904,0.455,,,,
constant_dtm,0.48305880203977186,0.002956199103782894,0.455,,,,
constant_dtm,0.499650891535683,0.003057738543475496,0.455,,,,
constant_dtm,0.5168128856326051,0.003162765656850135,0.455,,,,
constant_dtm,0.5345643593969713,0.0032714002384196155,0.455,,,,
constant_dtm,0.5529255602590326,0.003383766197395215,0.455,,,,
constant_dtm,0.5719174311071686,0.003499991699018095,0.455,,,,
constant_dtm,0.5915616341754742,0.003620209310745359,0.455,,,,
constant_dtm,0.6118805757518225,0.003744556153457216,0.455,,,,
constant_dtm,0.632897431734602,0.0038731740578578306,0.455,,,,
constant_dtm,0.654636174067276,0.004006209726248213,0.455,,,,
constant_dtm,0.6771215980809157,0.004143814899855684,0.455,,,,
constant_dtm,0.7003793507758928,0.00428614653191077,0.455,,,,
constant_dtm,0.7244359600749891,0.004433366966668914,0.455,,,,
constant_dtm,0.7493188650813052,0.004585644124581317,0.455,,,,
constant_dtm,0.7750564473754374,0.004743151693825834,0.455,,,,
constant_dtm,0.801678063387679,0.0049060693284167485,0.455,,,,
constant_dtm,0.8292140778821253,0.005074582853119136,0.455,,,,
constant_dtm,0.8576958985908946,0.0052488844754016275,0.455,,,,
constant_dtm,0.8871560120379617,0.005429173004669316,0.455,,,,
constant_dtm,0.9176280205934699,0.005615654079026888,0.455,,,,
constant_dtm,0.9491466808007816,0.005808540399830584,0.455,,,,
constant_dtm,0.9817479430199864,0.006008051974296561,0.455,,,,
constant_dtm,1.0154689924330826,0.006214416366442358,0.455,,,,
constant_dtm,1.0503482914576001,0.006427868956647649,0.455,,,,
constant_dtm,1.0864256236170644,0.00664865321013053,0.455,,,,
constant_dtm,1.123742138918283,0.006877020954645162,0.455,,,,
constant_dtm,1.1623404007872873,0.007113232667718001,0.455,,,,
constant_dtm,1.2022644346174132,0.007357557773749915,0.455,,,,
constant_dtm,1.243559777984908,0.00761027495132314,0.455,,,,
constant_dtm,1.2862735325893466,0.007871672451063655,0.455,,,,
constant_dtm,1.3304544179780928,0.008142048424421434,0.455,,,,
constant_dtm,1.376152827116087,0.008421711263743673,0.455,,,,
constant_dtm,1.4234208838643445,0.008710979954028822,0.455,,,,
constant_dtm,1.4723125024327164,0.009010184436762617,0.455,,,,
constant_dtm,1.5228834488747691,0.009319665986251368,0.455,,,,
constant_dtm,1.5751914046947906,0.009639777598880945,0.455,,,,
constant_dtm,1.6292960326397214,0.009970884395746936,0.455,,,,
constant_dtm,1.685259044750751,0.010313364039113409,0.455,,,,
constant_dtm,1.7431442727524467,0.010667607163176785,0.455,,,,
constant_dtm,1.80301774085957,0.011034017819625354,0.455,,,,
constant_dtm,1.8649477410846655,0.011413013938502883,0.455,,,,
constant_dtm,1.9290049111323118,0.011805027804901965,0.455,,,,
constant_dtm,1.9952623149688828,0.012210506552030822,0.455,,,,
constant_dtm,2.0637955261597076,0.012629912671215871,0.455,,,,
constant_dtm,2.1346827140687434,0.013063724539422193,0.455,,,,
constant_dtm,2.208004733018897,0.013512436964892396,0.455,,,,
constant_dtm,2.2838452145150367,0.013976561751528397,0.455,,,,
constant_dtm,2.3622906626344604,0.014456628282657239,0.455,,,,
constant_dtm,2.4434305526939712,0.014953184124848931,0.455,,,,
constant_dtm,2.527357433305918,0.015466795652473893,0.455,,,,
constant_dtm,2.614167031939658,0.015998048693712724,0.455,,,,
constant_dtm,2.7039583641088463,0.01654754919875511,0.455,,,,
constant_dtm,2.7968338463090805,0.017115923930949996,0.455,,,,
constant_dtm,2.892899412834733,0.017703821181695358,0.455,,,,
constant_dtm,2.992264636608195,0.018311911509883004,0.455,,,,
constant_dtm,3.095042854159369,0.018940888506741797,0.455,,,,
constant_dtm,3.2013512948979446,0.019591469586951696,0.455,,,,
constant_dtm,3.3113112148259214,0.020264396806930932,0.455,,,,
constant_dtm,3.425048034842867,0.020960437711229636,0.455,,,,
constant_dtm,3.5426914838017547,0.02168038620799579,0.455,,,,
constant_dtm,3.664375746478333,0.02242506347451078,0.455,,,,
constant_dtm,3.790239616623088,0.023195318893829142,0.455,,,,
constant_dtm,3.920426655270156,0.023992031023589537,0.455,,,,
constant_dtm,4.055085354483843,0.0248161085981025,0.455,,,,
constant_dtm,4.194369306729506,0.025668491564857895,0.455,,,,
constant_dtm,4.33843738006197,0.026550152156634244,0.455,,,,
constant_dtm,4.487453899331314,0.02746209600043281,0.455,,,,
constant_dtm,4.641588833612772,0.028405363264501764,0.455,,,,
constant_dtm,4.801017990074317,0.029381029844757302,0.455,,,,
constant_dtm,4.965923214503357,0.030390208591956923,0.455,,,,
constant_dtm,5.136492598721055,0.03143405058102317,0.455,,,,
constant_dtm,5.312920695120896,0.0325137464239661,0.455,,,,
constant_dtm,5.4954087385762485,0.033630527627901995,0.455,,,,
constant_dtm,5.6841648759699765,0.03478566799971727,0.455,,,,
constant_dtm,5.879404403607946,0.03598048509897973,0.455,,,,
constant_dtm,6.081350012787189,0.0372163417407544,0.455,,,,
constant_dtm,6.290232043798845,0.03849464755003798,0.455,,,,
constant_dtm,6.506288748655587,0.03981686056958503,0.455,,,,
constant_dtm,6.729766562843196,0.04118448892295965,0.455,,,,
constant_dtm,6.960920386406227,0.04259909253470951,0.455,,,,
constant_dtm,7.200013874688569,0.04406228490962537,0.455,,,,
constant_dtm,7.447319739059888,0.04557573497311175,0.455,,,,
constant_dtm,7.703120057972146,0.04714116897477504,0.455,,,,
constant_dtm,7.96770659869954,0.04876037245739152,0.455,,,,
constant_dtm,8.24138115013003,0.05043519229350825,0.455,,,,
constant_dtm,8.524455866987408,0.05216753879199619,0.455,,,,
constant_dtm,8.817253625876717,0.05395938787695904,0.455,,,,
constant_dtm,9.120108393559116,0.0558127833414834,0.455,,,,
constant_dtm,9.433365607876194,0.05772983917880034,0.455,,,,
constant_dtm,9.75738257175846,0.05971274199351884,0.455,,,,
constant_dtm,10.092528860766834,0.06176375349567783,0.455,,,,
constant_dtm,10.439186744632744,0.06388521308046624,0.455,,,,
constant_dtm,10.797751623277094,0.06607954049655,0.455,,,,
constant_dtm,11.168632477805613,0.0683492386060509,0.455,,,,
constant_dtm,11.552252336994997,0.07069689623932514,0.455,,,,
constant_dtm,11.949048759801899,0.07312519114779767,0.455,,,,
constant_dtm,12.35947433444512,0.07563689305822052,0.455,,,,
constant_dtm,12.783997194630256,0.07823486683183851,0.455,,,,
constant_dtm,13.223101553505634,0.08092207573206611,0.455,,,,
constant_dtm,13.677288255958523,0.08370158480440217,0.455,,,,
constant_dtm,14.147075349881622,0.08657656437243806,0.455,,,,
constant_dtm,14.632998677061378,0.08955029365394637,0.455,,,,
constant_dtm,15.135612484362072,0.09262616450117479,0.455,,,,
constant_dtm,15.655490055903185,0.09580768526961352,0.455,,,,
constant_dtm,16.1932243669498,0.09909848481964104,0.455,,,,
constant_dtm,16.749428760264383,0.10250231665562796,0.455,,,,
constant_dtm,17.32473764568826,0.10602306320720073,0.455,,,,
constant_dtm,17.91980722375336,0.10966474025756462,0.455,,,,
constant_dtm,18.535316234148066,0.11343150152392763,0.455,,,,
constant_dtm,19.17196672989189,0.11732764339525589,0.455,,,,
constant_dtm,19.8304848781002,0.1213576098327537,0.455,,,,
constant_dtm,20.511621788255624,0.12552599743867737,0.455,,,,
constant_dtm,21.216154368926823,0.12983756069923993,0.455,,,,
constant_dtm,21.94488621391516,0.1342972174076073,0.455,,,,
constant_dtm,22.698648518838212,0.13891005427316014,0.455,,,,
constant_dtm,23.478301029196125,0.14368133272342298,0.455,,,,
constant_dtm,24.284733021002147,0.1486164949052779,0.455,,,,
